<?xml version="1.0" encoding="utf-8"?>
<COLLADA xmlns="http://www.collada.org/2005/11/COLLADASchema" version="1.4.1" xmlns:xsi="http://www.w3.org/2001/XMLSchema-instance">
  <asset>
    <contributor>
      <author>Blender User</author>
      <authoring_tool>Blender 3.6.23 commit date:2025-06-16, commit time:11:52, hash:e467db79ca8c</authoring_tool>
    </contributor>
    <created>2026-07-25T12:07:10</created>
    <modified>2026-07-25T12:07:10</modified>
    <unit name="meter" meter="1"/>
    <up_axis>Z_UP</up_axis>
  </asset>
  <library_cameras>
    <camera id="Camera-camera" name="Camera">
      <optics>
        <technique_common>
          <perspective>
            <xfov sid="xfov">39.59775</xfov>
            <aspect_ratio>1.777778</aspect_ratio>
            <znear sid="znear">0.1</znear>
            <zfar sid="zfar">100</zfar>
          </perspective>
        </technique_common>
      </optics>
      <extra>
        <technique profile="blender">
          <shiftx sid="shiftx" type="float">0</shiftx>
          <shifty sid="shifty" type="float">0</shifty>
          <dof_distance sid="dof_distance" type="float">10</dof_distance>
        </technique>
      </extra>
    </camera>
  </library_cameras>
  <library_lights>
    <light id="Light-light" name="Light">
      <technique_common>
        <point>
          <color sid="color">1000 1000 1000</color>
          <constant_attenuation>1</constant_attenuation>
          <linear_attenuation>0</linear_attenuation>
          <quadratic_attenuation>0.00111109</quadratic_attenuation>
        </point>
      </technique_common>
      <extra>
        <technique profile="blender">
          <type sid="type" type="int">0</type>
          <flag sid="flag" type="int">0</flag>
          <mode sid="mode" type="int">1</mode>
          <gamma sid="blender_gamma" type="float">1</gamma>
          <red sid="red" type="float">1</red>
          <green sid="green" type="float">1</green>
          <blue sid="blue" type="float">1</blue>
          <shadow_r sid="blender_shadow_r" type="float">0</shadow_r>
          <shadow_g sid="blender_shadow_g" type="float">0</shadow_g>
          <shadow_b sid="blender_shadow_b" type="float">0</shadow_b>
          <energy sid="blender_energy" type="float">1000</energy>
          <dist sid="blender_dist" type="float">29.99998</dist>
          <spotsize sid="spotsize" type="float">75</spotsize>
          <spotblend sid="spotblend" type="float">0.15</spotblend>
          <att1 sid="att1" type="float">0</att1>
          <att2 sid="att2" type="float">1</att2>
          <falloff_type sid="falloff_type" type="int">2</falloff_type>
          <clipsta sid="clipsta" type="float">0.04999995</clipsta>
          <clipend sid="clipend" type="float">30.002</clipend>
          <bias sid="bias" type="float">1</bias>
          <bufsize sid="bufsize" type="int">2880</bufsize>
          <samp sid="samp" type="int">3</samp>
          <buffers sid="buffers" type="int">1</buffers>
          <radius sid="radius" type="float">0.1</radius>
          <area_shape sid="area_shape" type="int">1</area_shape>
          <area_size sid="area_size" type="float">0.1</area_size>
          <area_sizey sid="area_sizey" type="float">0.1</area_sizey>
          <area_sizez sid="area_sizez" type="float">1</area_sizez>
        </technique>
      </extra>
    </light>
  </library_lights>
  <library_effects>
    <effect id="ID9_022-effect">
      <profile_COMMON>
        <technique sid="common">
          <lambert>
            <emission>
              <color sid="emission">0 0 0 1</color>
            </emission>
            <diffuse>
              <color sid="diffuse">0.2509804 0.2509804 0.2509804 1</color>
            </diffuse>
            <index_of_refraction>
              <float sid="ior">1.45</float>
            </index_of_refraction>
          </lambert>
        </technique>
      </profile_COMMON>
    </effect>
    <effect id="ID9_024-effect">
      <profile_COMMON>
        <technique sid="common">
          <lambert>
            <emission>
              <color sid="emission">0 0 0 1</color>
            </emission>
            <diffuse>
              <color sid="diffuse">0.9098039 0.3333333 0.3254902 1</color>
            </diffuse>
            <index_of_refraction>
              <float sid="ior">1.45</float>
            </index_of_refraction>
          </lambert>
        </technique>
      </profile_COMMON>
    </effect>
    <effect id="ID9_023-effect">
      <profile_COMMON>
        <technique sid="common">
          <lambert>
            <emission>
              <color sid="emission">0 0 0 1</color>
            </emission>
            <diffuse>
              <color sid="diffuse">0.2666667 0.2666667 0.2666667 1</color>
            </diffuse>
            <index_of_refraction>
              <float sid="ior">1.45</float>
            </index_of_refraction>
          </lambert>
        </technique>
      </profile_COMMON>
    </effect>
    <effect id="ID9_021-effect">
      <profile_COMMON>
        <technique sid="common">
          <lambert>
            <emission>
              <color sid="emission">0 0 0 1</color>
            </emission>
            <diffuse>
              <color sid="diffuse">1 1 0.8713672 1</color>
            </diffuse>
            <reflectivity>
              <float sid="specular">0.5</float>
            </reflectivity>
          </lambert>
        </technique>
      </profile_COMMON>
    </effect>
    <effect id="Material-effect">
      <profile_COMMON>
        <technique sid="common">
          <lambert>
            <emission>
              <color sid="emission">0 0 0 1</color>
            </emission>
            <diffuse>
              <color sid="diffuse">0.8 0.8 0.8 1</color>
            </diffuse>
            <index_of_refraction>
              <float sid="ior">1.45</float>
            </index_of_refraction>
          </lambert>
        </technique>
      </profile_COMMON>
    </effect>
  </library_effects>
  <library_images/>
  <library_materials>
    <material id="ID9_022-material" name="ID9_022">
      <instance_effect url="#ID9_022-effect"/>
    </material>
    <material id="ID9_024-material" name="ID9_024">
      <instance_effect url="#ID9_024-effect"/>
    </material>
    <material id="ID9_023-material" name="ID9_023">
      <instance_effect url="#ID9_023-effect"/>
    </material>
    <material id="ID9_021-material" name="ID9_021">
      <instance_effect url="#ID9_021-effect"/>
    </material>
    <material id="Material-material" name="Material">
      <instance_effect url="#Material-effect"/>
    </material>
  </library_materials>
  <library_geometries>
    <geometry id="ID9_021_001-mesh" name="ID9.021_001">
      <mesh>
        <source id="ID9_021_001-mesh-positions">
          <float_array id="ID9_021_001-mesh-positions-array" count="6123">2.676614 12.36042 0.01019769 -1.323386 12.50685 0.0199992 -1.323386 12.36042 0.01999908 9.886614 -0.889732 0.02000004 9.133443 -1.261154 -0.01999992 9.886614 -0.889732 -0.01999992 -1.323386 12.50685 -0.02000093 2.676614 12.50685 0.01019769 2.676614 12.50684 -0.02975559 -12.32339 -0.166546 -0.02000004 -9.323387 -0.1665436 0.01999998 -12.32339 -0.166546 0.01999992 -3.16008 14.67015 -0.02000087 -3.160079 12.67015 0.0199992 -3.16008 14.67015 0.01999902 -17.50622 9.639374 0.0200001 -17.46071 9.471937 1.35973e-7 -17.46071 9.471937 0.0200001 11.97535 13.96889 0.01999908 12.13376 13.78826 -0.02000081 11.97535 13.96889 -0.02000081 2.466614 5.569779 0.0200001 2.207349 4.974633 0.0200001 2.676614 5.206049 0.0200001 1.239147 4.397291 1.63913e-7 1.792055 4.507271 0.0200001 1.239147 4.397291 0.0200001 8.758268 14.81158 0.0199992 8.739109 14.82103 -0.02000075 8.758268 14.81158 -0.02000075 -18.01366 5.670149 0.0200001 -17.96498 4.927419 4.5076e-7 -18.01366 5.670149 4.5076e-7 4.408664 9.67015 0.0200001 4.044935 9.46015 0.0200001 4.136344 9.274791 0.0200001 4.256614 8.67015 0.01999998 4.225986 8.202868 -0.01999992 4.225986 8.202868 0.01999998 8.865167 14.91588 -7.91624e-7 8.895627 14.88916 0.0199992 8.895627 14.88916 -7.93487e-7 -1.569113 14.8587 0.0199992 -1.591622 14.82502 -7.97212e-7 -1.591622 14.82502 0.0199992 -14.94698 2.25101 0 -15.37083 2.622709 0.02000004 -15.37083 2.622709 0 -7.478121 -0.5880333 -0.01999986 -7.168649 -0.7450552 0.0200001 -7.478121 -0.5880333 0.02000004 9.705588 16.01114 0.01999908 9.871815 15.86535 -8.36328e-7 9.871815 15.86535 0.01999908 -2.664369 15.69912 0.01999908 -2.51859 15.86535 -8.36328e-7 -2.51859 15.86535 0.01999908 -6.687043 0.7315588 0.0200001 -6.521601 0.6792507 -0.01999986 -6.687043 0.7315588 -0.01999986 2.676614 10.25015 0.0200001 2.882846 10.23663 -0.01999986 2.882846 10.23663 0.0200001 12.36688 8.670153 0.0199992 12.36688 12.67015 -8.69855e-7 12.36688 8.670153 -7.82311e-7 -17.9328 15.27957 0.02000004 -17.56988 15.59784 0 -17.56988 15.59784 0.02000004 -3.097496 12.19478 0.01999908 -3.144368 12.43041 -0.02000075 -3.097496 12.19478 -0.02000075 -16.56603 1.427509 0.01999998 -17.41671 1.761901 0.01999998 -16.86301 1.130523 0.01999998 -1.403552 14.96933 0.0199992 -1.363816 14.97723 -7.86036e-7 -1.403552 14.96933 -7.87899e-7 -16.35866 16.53386 0.0200001 -15.90031 17.05234 0.0200001 -16.46737 16.93954 0.0200001 -0.1065436 2.721481 0.0200001 -0.876299 2.874597 -0.01999986 -0.876299 2.874597 0.0200001 10.98635 8.670153 -7.84174e-7 10.98634 12.67015 0.01999902 10.98635 8.670153 0.0199992 10.83949 3.554712 0 10.65829 3.02089 0.01999998 10.65829 3.02089 0 2.854187 3.413027 0.02000004 3.521748 3.742233 0 2.854187 3.413027 0 3.776985 6.880151 0.02000004 3.516819 6.490785 -0.01999992 3.516819 6.490785 0.02000004 -17.19686 13.7518 0.0200001 -17.03965 13.98709 -0.01999986 -17.03965 13.98709 0.0200001 -17.28376 8.982699 0.0200001 -17.34939 9.143322 0 -17.28376 8.982699 0 -7.010837 0.8562048 0.0200001 -6.850213 0.7905748 -0.01999986 -7.010837 0.8562048 -0.01999986 -1.485296 14.69147 0.0199992 -1.481127 14.71242 -0.02000075 -1.481127 14.71242 0.0199992 -17.63312 10.67015 0.0200001 -17.62957 10.49667 1.80677e-7 -17.62957 10.49667 0.0200001 -18.98181 10.15087 1.63913e-7 -18.9571 9.979126 0.0200001 -18.9571 9.979126 1.58325e-7 -18.24834 7.531768 0.02000004 -18.21664 7.361174 -0.01999992 -18.21664 7.361174 0.02000004 11.60453 1.825018 0 11.93374 2.49258 0.01999992 11.93374 2.49258 0 -1.40355 12.37098 0.01999908 -1.363814 12.36307 -7.95349e-7 -1.363814 12.36307 0.01999908 -11.19622 14.79732 0.01999998 -2.267287 5.726249 -0.01999992 -11.19622 14.79732 -0.01999998 4.140631 4.155757 0.01999998 4.700243 4.646523 0 4.140631 4.155757 0 7.220036 0.5424639 0.0200001 7.754156 0.648708 -0.01999986 7.220036 0.5424639 -0.0199998 -19.16008 10.67015 0.0200001 -19.15654 10.49667 -0.0199998 -19.15654 10.49667 0.0200001 -18.20752 11.46392 1.3411e-7 -18.43925 11.46392 1.35973e-7 -18.32339 11.20892 1.22935e-7 -12.88834 13.84356 -0.01999992 -12.49496 13.49858 0.02000004 -12.49495 13.49855 -0.01999992 7.438457 -1.11661 -0.0199998 8.187266 -0.9676621 0.0200001 7.438457 -1.11661 0.0200001 -13.40093 1.648704 -0.01999998 -12.86681 1.54246 0.01999998 -12.86681 1.54246 -0.01999998 -7.478121 0.9389327 0 -7.168649 0.7819088 0.0200001 -7.478121 0.9389327 0.02000004 -7.010837 0.7097787 0 -6.850213 0.6441507 0.0200001 -7.010837 0.7097787 0.0200001 -1.500958 3.413027 0 -0.7961351 3.173773 0.0200001 -0.7961351 3.173773 1.24797e-7 -17.31429 9.471937 -0.01999986 -17.26198 9.306492 0.0200001 -17.26198 9.306492 -0.01999986 -2.249482 16.90594 0.01999908 -1.94973 17.00769 -0.02000081 -2.249482 16.90594 -0.02000081 -19.02935 13.66316 0.01999998 -19.12726 13.17094 -0.01999998 -19.12726 13.17094 0.01999998 2.676614 10.83346 0.01019769 2.958982 10.81495 -0.01999986 2.958982 10.81495 0.02000004 -1.857846 5.367179 -0.01999992 -1.405038 5.064623 0.02000004 -1.405038 5.064623 -0.01999986 -17.47253 10.32348 -0.0199998 -17.45485 10.15087 0.0200001 -17.45485 10.15087 -0.0199998 -6.850213 -0.7363893 0.0200001 -6.687043 -0.7954073 1.28523e-7 -6.850213 -0.7363893 1.21072e-7 10.40895 2.515286 0.01999998 10.40895 2.515286 0 -1.486692 14.67015 0.01999902 -1.485296 14.69147 -0.02000075 -1.464812 12.5885 0.0199992 -1.47426 12.60766 -0.02000075 -1.47426 12.60766 0.0199992 -12.40504 15.72488 0.02000004 -13.08978 16.06255 -0.01999986 -13.08978 16.06255 0.02000004 9.676615 -0.5259999 0.02000004 8.972718 -0.8731259 -0.01999986 8.972718 -0.8731259 0.02000004 -13.43883 1.50727 0 -13.97265 1.688476 0.01999998 -13.97265 1.688476 0 -18.0455 7.189428 0 -18.02782 7.016818 0.01999998 -18.02782 7.016818 0 -8.12517 -0.3389495 0.02000004 -7.959727 -0.3912575 -0.01999992 -7.959727 -0.3912575 0.02000004 2.187262 3.032337 -0.01999986 2.910221 3.277749 0.02000004 2.187262 3.032337 0.0200001 -18.07021 7.361174 0 -18.0455 7.189428 0.02000004 10.13463 3.74358 0.01999998 10.37213 3.139418 0.01999998 10.54032 3.634876 0.01999998 -7.478121 1.085357 0.02000004 -7.168649 0.9283347 -0.01999986 -7.478121 1.085357 -0.01999986 -9.323387 -0.1665436 -0.01999998 -9.149909 -0.1700856 0.01999998 -17.3598 9.639374 -0.01999986 -17.31429 9.471937 0.0200001 0.6766146 4.506845 0.0200001 1.220034 4.542463 -0.0199998 0.6766146 4.506845 -0.0199998 9.794723 16.1273 -0.02000081 9.975356 15.96889 0.01999908 9.975356 15.96889 -0.02000081 -5.842663 -1.134701 -0.0199998 -5.670053 -1.152381 0.0200001 -5.842663 -1.134701 0.0200001 -16.80552 7.868365 0.02000004 -16.85783 8.033808 0 -16.80552 7.868365 0 10.69806 3.59261 0.01999998 10.52301 3.076924 -0.01999998 10.52301 3.076924 0.01999998 5.505043 11.49858 0.02000004 6.183237 11.36088 0.02000004 5.802026 11.79556 0.02000004 -3.171145 11.90478 -0.02000081 -3.255237 12.15251 0.01999908 -3.171145 11.90478 0.01999908 3.993551 10.38642 0.0200001 4.206302 10.19984 -0.01999986 4.206302 10.19984 0.0200001 12.13376 13.78826 0.01999908 12.26724 13.5885 -0.02000081 -6.185003 0.4486768 1.50874e-7 -6.014409 0.4169747 0.0200001 -6.185003 0.4486768 0.0200001 1.438456 2.883389 -0.0199998 1.438456 2.883389 0.0200001 -6.354161 0.6337408 0.0200001 -6.185003 0.5951008 -0.0199998 -6.354161 0.6337408 -0.01999986 -8.804107 -0.0519635 0.01999998 -8.632363 -0.07667356 0 -8.804107 -0.0519635 0 11.21624 0.1305261 0.01999998 10.58486 -0.4231759 -0.01999998 11.21624 0.1305261 -0.01999998 -0.8340331 3.032337 0.0200001 -0.08522713 2.883389 -0.0199998 -0.08522713 2.883389 0.0200001 -19.01011 10.49667 1.78814e-7 -19.01366 10.67015 0.0200001 -19.01011 10.49667 0.0200001 -2.241733 11.07953 0.01999908 -2.026257 10.97327 -0.02000081 -2.026257 10.97327 0.01999902 -1.5424 14.88916 -7.93487e-7 -1.569113 14.8587 -7.95349e-7 -9.323387 1.506844 0.01999998 -12.32339 1.506841 -0.01999998 -12.32339 1.506841 0.01999998 6.172992 7.197402 0 6.318202 7.927422 0.01999992 6.318202 7.927422 0 -6.521601 -0.8477132 0.0200001 -6.354161 -0.8932252 1.43424e-7 -6.521601 -0.8477132 1.35973e-7 -13.79265 14.36567 -0.01999986 -13.32339 14.13425 0.0200001 -13.32339 14.13425 -0.01999986 -16.57688 13.63199 0.0200001 -16.44061 13.78738 -0.01999986 -16.44061 13.78738 0.0200001 -3.14437 14.90989 0.01999902 -9.149909 -0.02366161 0.01999998 -8.976717 -0.03428155 0 -9.149909 -0.02366161 0 -19.14592 10.32348 0.0200001 -19.12824 10.15087 -0.0199998 -19.12824 10.15087 0.0200001 -18.17424 7.016818 0.01999998 -18.16362 6.843628 -0.01999998 -18.16362 6.843628 0.01999998 4.229769 4.039589 -0.01999992 4.803781 4.542985 0.01999998 4.229769 4.039589 0.01999998 -3.306278 14.9312 0.01999902 -3.323386 14.67015 -0.02000087 -3.306278 14.9312 -0.02000087 5.286029 11.27957 0.02000004 5.604303 10.91664 0 5.604303 10.91664 0.02000004 -7.635933 1.157487 0.02000004 -7.635933 1.157487 -0.01999986 -17.48669 12.67015 0.02000004 -17.46818 12.95252 -0.01999986 -17.46818 12.95252 0.02000004 4.949474 8.107621 0.01999998 4.986345 8.67015 0 4.986345 8.67015 0.01999998 -17.20296 9.143322 0.0200001 -17.20296 9.143322 -0.01999986 -14.75843 2.496734 0.02000004 -14.32339 2.206046 -0.01999992 -14.32339 2.206046 0.01999998 2.768443 0.3604214 0 2.866615 0.3604214 0 6.676615 0.3604219 0.0200001 -13.85064 16.16653 1.22935e-7 -14.58066 16.31174 0.0200001 -14.58066 16.31174 1.546e-7 11.87277 1.670152 0.01999992 11.76994 0.7619042 0.01999992 12.2365 1.460152 0.01999992 -19.01366 10.67015 0 -19.01366 12.67015 0.01999998 12.77239 13.88015 0.01999908 12.9124 13.59625 -0.02000081 12.77239 13.88015 -0.02000081 -6.354161 0.4873148 1.43424e-7 -6.354161 0.4873148 0.0200001 -18.73275 14.08236 0.02000004 -18.51925 14.51528 0 -18.51925 14.51528 0.02000004 -13.14581 15.92727 0 -13.85064 16.16653 0.0200001 -16.48627 4.554709 1.39698e-7 -16.30506 4.020887 0.0200001 -16.48627 4.554709 0.02000033 2.910221 3.277749 -0.01999986 3.594963 3.615425 0.02000004 -14.56154 16.45691 0.0200001 -15.32339 16.50685 -0.0199998 -15.32339 16.50685 0.0200001 9.44198 16.51791 0.01999908 9.676614 16.4022 -0.02000081 9.676614 16.4022 0.01999908 -12.32339 -0.3298523 0.01999992 -13.10654 -0.2785198 -0.02000004 -13.10654 -0.2785198 0.01999992 -15.92803 14.12988 -0.0199998 -15.73232 14.19631 0.0200001 -15.92803 14.12988 0.0200001 -18.03634 15.3831 0.02000004 -17.65902 15.714 -0.01999986 -18.03634 15.3831 -0.01999992 -13.79614 0.1737701 0 -13.06612 0.02855992 0.01999992 -13.06612 0.02855992 0 3.676614 3.473999 0.02000004 3.133443 2.738845 0.02000004 3.886615 3.110267 0.02000004 5.36734 12.17677 0.01999998 4.886613 12.49798 -0.01999998 4.886613 12.49798 0.01999998 -18.16008 6.67015 -0.01999998 -18.16008 6.67015 0.01999998 -8.292611 -0.2934395 0.02000004 -8.12517 -0.3389495 -0.01999992 4.08882 12.07952 0.02000004 4.521748 11.86602 0 4.521748 11.86602 0.02000004 -7.635933 -0.3694775 0.02000004 -7.478121 -0.4416074 0 -7.635933 -0.3694775 0 -8.46177 1.418588 0.02000004 -8.292611 1.379951 -0.01999992 -8.46177 1.418588 -0.01999992 -8.12517 1.188014 0 -7.959727 1.135709 0.02000004 -8.12517 1.188014 0.02000004 0.2093303 5.120779 0.0200001 -0.2499573 5.212137 -0.0199998 -0.2499573 5.212137 0.0200001 -1.633116 14.67015 0.01999902 -1.630468 14.71058 -7.97212e-7 -1.633116 14.67015 -8.71718e-7 -15.42376 3.880148 0.0200001 -16.0189 4.139415 0.0200001 -15.78749 3.670149 0.0200001 -0.1613637 2.305075 -0.0199998 -0.9850036 2.468907 0.0200001 -0.9850036 2.468907 -0.01999986 -2.323385 3.473999 0.02000004 -1.780213 2.738845 0.02000004 -1.619485 3.126873 0.02000004 3.15829 12.32885 0 3.15829 12.32885 0.01999998 7.419344 -0.9714381 0.0200001 8.149366 -0.8262261 1.22935e-7 7.419344 -0.9714381 1.546e-7 -18.81072 8.9827 0.0200001 -18.73859 8.824889 -0.01999986 -18.73859 8.824889 0.0200001 -17.65902 15.714 0.02000004 -17.24173 15.99283 -0.01999986 -18.33249 7.868366 0.02000004 -18.28698 7.700927 -0.01999992 -18.28698 7.700926 0.02000004 -9.323387 -0.02011966 0 8.338232 -1.531092 0.0200001 7.514593 -1.694924 -0.0199998 8.338232 -1.531092 -0.01999986 -0.06611549 3.028561 1.56462e-7 0.6766147 2.979881 0.0200001 0.6766147 2.979881 1.88127e-7 6.540319 9.705429 0.0200001 7.058801 9.247077 0.0200001 6.946006 9.814131 0.0200001 12.06902 2.436546 -0.02000004 11.73134 1.751804 0.01999992 11.73134 1.751804 -0.01999998 -2.622125 11.37141 0.01999908 -2.780533 11.55204 -0.02000081 -2.622125 11.37141 -0.02000081 8.916353 16.49114 -0.02000075 8.676612 16.50685 0.01999896 8.916353 16.49114 0.0199992 2.768443 -1.020119 0 6.676615 -1.020118 0.0200001 2.866615 -1.020119 0 6.335313 9.151827 1.65775e-7 6.366884 8.67015 0.01999992 6.335313 9.151827 0.0200001 10.09575 2.046554 0.02000004 10.09575 2.046554 0 -1.633115 12.67015 0.0199992 -12.32339 1.670148 -0.01999998 -12.32339 2.090148 0.01999998 -12.32339 1.670148 0.01999998 -16.57495 7.531768 -0.01999992 -16.54325 7.361174 0.02000004 -16.54325 7.361174 -0.01999992 3.71189 12.53385 0.01999998 4.368074 12.7537 0.01999998 3.820594 12.93954 0.01999998 -2.796587 10.75023 0.01999902 -2.533385 10.57437 -0.02000087 -2.533385 10.57437 0.01999902 3.505043 5.841723 0.02000004 3.111661 5.496737 -0.01999992 3.505043 5.841723 -0.01999992 4.839492 7.554711 0 4.658287 7.020889 0.01999998 4.658287 7.020889 0 -16.05572 3.515283 0 -15.74252 3.04655 0.02000004 -16.05572 3.515283 0.02000004 -16.51853 7.189427 0.01999998 -16.51853 7.189427 -0.01999992 -3.41917 15.88015 0.01999902 -3.055438 15.67015 0.01999902 -2.910094 15.88767 0.01999908 -19.03319 9.639375 0.0200001 -18.98768 9.471937 -0.01999986 -18.98768 9.471937 0.0200001 -17.32202 13.49801 0.0200001 -17.19686 13.7518 -0.01999986 -12.32339 -0.7498523 -0.02000004 -12.32339 -0.7498523 0.01999986 -1.477839 0.222525 0 -1.551474 -0.126211 0 -1.477839 -0.191953 0 3.211075 5.367179 0.02000004 3.620517 5.726249 -0.01999992 3.211075 5.367179 -0.01999992 3.208056 6.138709 0.02000004 3.111661 5.496737 0.02000004 0.4485264 -0.1262109 0 0.5221605 -0.1919529 0 0.5221605 0.2225251 0 -15.92119 14.90118 0.0200001 -15.62487 14.96012 1.75089e-7 -15.92119 14.90118 1.6205e-7 -0.4778394 -0.8822229 0 -0.4778394 -0.4677449 0 -0.5514736 -0.8164809 0 -18.15181 15.49858 -0.01999992 -17.75843 15.84356 0.02000004 -18.15181 15.49858 0.02000004 -19.74339 12.67015 -0.01999998 -19.32339 12.67015 0.01999998 -19.74339 12.67015 0.01999998 -1.323386 10.83346 -0.02000093 -1.323386 10.83346 0.01999896 -17.21163 8.824888 0 -17.21163 8.824888 0.0200001 4.524374 9.435519 0.0200001 4.608467 9.187789 -0.0199998 4.524374 9.435519 -0.0199998 -18.25107 14.91664 0.02000004 -17.9328 15.27957 0 -2.441493 11.213 -0.02000081 -2.441493 11.213 0.01999908 -16.63312 6.67015 0.01999998 -16.63666 6.843627 0 -16.63312 6.67015 0 -18.38479 8.033808 0.02000004 -18.33249 7.868366 -0.01999992 9.850029 2.235106 0.02000004 10.14072 2.670152 -0.01999992 10.14072 2.670152 0.01999998 -18.4968 15.10519 0.02000004 -19.15122 14.88015 0.01999998 -18.78749 14.67015 0.01999998 -18.84125 9.471937 1.3411e-7 -18.78894 9.306492 0.0200001 -18.78894 9.306492 1.28523e-7 -18.36724 15.00578 0.02000004 -18.64606 14.5885 -0.01999992 -18.64606 14.5885 0.02000004 -13.85412 1.97463 0.01999998 -13.35866 1.806444 -0.01999998 -13.35866 1.806444 0.01999998 -2.975953 3.91003 0.01999998 -3.566025 4.427511 -0.01999998 -3.566025 4.427511 0.01999998 -2.518588 11.47495 -8.34465e-7 -2.664367 11.64118 0.01999908 -2.518588 11.47495 0.01999908 11.43673 1.017584 -0.01999998 11.43673 1.017584 0.01999998 -14.85785 2.367176 0.02000004 -15.26729 2.726246 -0.01999992 -15.26729 2.726246 0.02000004 -9.323387 1.36042 0.01999998 -12.32339 1.360418 0 -9.323387 1.36042 0 4.202776 9.079086 -0.0199998 4.202776 9.079086 0.0200001 12.2365 1.460152 -0.02000004 12.30929 13.10763 -8.028e-7 12.35242 12.89078 0.0199992 12.30929 13.10763 0.01999908 -1.511938 12.42442 0.0199992 -1.478252 12.40192 -7.93487e-7 -1.478252 12.40192 0.0199992 12.21989 2.374052 0.01999992 12.87786 3.008534 0.01999986 12.47217 3.117238 0.01999992 -1.344701 12.50824 0.0199992 -1.365652 12.51241 -0.02000075 -1.365652 12.51241 0.0199992 12.87786 3.008534 -0.02000004 12.60792 2.213324 0.01999992 12.60792 2.213324 -0.02000004 3.820594 12.93954 -0.01999998 -15.7874 1.155755 0 -15.16852 0.7422307 0.01999992 -15.16852 0.7422307 0 -19.18709 13.70543 0.01999998 -19.0189 14.20088 -0.01999992 -19.0189 14.20088 0.01999998 -1.344703 14.83206 -0.02000075 -1.323388 14.83346 0.01999896 -1.344703 14.83206 0.0199992 -18.27206 4.886991 0.0200001 -18.52463 4.008532 0.0200001 -18.11894 4.117235 0.0200001 10.25661 4.670152 0.01999998 10.64239 4.148048 0.01999998 10.67661 4.670152 0.01999998 -5.842663 0.3922648 1.65775e-7 -5.670053 0.3745829 0.0200001 -5.842663 0.3922648 0.0200001 2.269843 4.823759 0.0200001 2.758266 5.064623 -0.01999986 2.269843 4.823759 -0.01999986 -2.370825 5.622711 0.02000004 -1.946984 5.251013 0 -1.946984 5.251013 0.02000004 5.73134 5.751804 -0.01999998 5.307175 5.116997 0.01999998 5.307175 5.116997 -0.01999998 2.676614 13.09015 -0.01999998 2.676614 12.67015 0.01999998 2.676614 13.09015 0.01999998 10.94947 4.10762 0.01999998 10.98635 4.670152 0 10.98635 4.670152 0.01999998 9.52175 -0.257766 0.02000004 10.14063 0.155758 0 9.52175 -0.257766 0 -13.73016 14.51654 -0.01999986 -14.24584 14.69159 0.0200001 -14.24584 14.69159 -0.01999986 -8.976717 1.346258 0 -8.804107 1.328578 0.01999998 -8.976717 1.346258 0.01999998 -18.0172 6.843628 0 -18.01366 6.67015 0.01999998 -18.01366 6.67015 0 10.14063 0.155758 0.01999998 10.70024 0.646524 0 5.720468 11.00578 0.02000004 5.99929 10.5885 -0.01999986 5.720468 11.00578 -0.01999986 0.114082 4.397291 0.0200001 0.6766146 4.360421 1.88127e-7 0.6766146 4.360421 0.0200001 -18.99949 10.32348 1.73226e-7 -18.98181 10.15087 0.0200001 3.208056 6.138709 -0.01999992 2.855981 5.829947 0.02000004 10.8043 4.126732 -0.01999998 10.83992 4.670152 0.01999998 10.83992 4.670152 -0.01999998 9.302957 17.00769 -0.02000081 9.602708 16.90594 0.01999908 9.602708 16.90594 -0.02000081 5.872766 5.670152 0.01999992 5.436735 5.017583 -0.01999998 5.436735 5.017583 0.01999998 9.724057 1.622712 0.02000004 9.724057 1.622712 0 10.22977 0.03959006 -0.01999992 10.80378 0.542986 0.01999998 10.22977 0.03959006 0.01999998 -1.556992 3.277749 0.02000004 -1.500958 3.413027 0.02000004 -2.168519 3.742233 0.02000004 4.594963 11.99282 0.02000004 4.144854 12.21479 -0.01999992 4.144854 12.21479 0.01999998 -16.11338 14.03847 0.0200001 3.504476 10.66878 0.0200001 3.758266 10.54363 -0.01999986 3.758266 10.54363 0.0200001 -16.50086 7.016818 0.01999998 -16.50086 7.016818 -0.01999992 4.810525 9.554047 0.0200001 4.907642 9.267953 1.60187e-7 4.810525 9.554047 1.47149e-7 -2.622128 15.96889 0.01999908 -2.441496 16.1273 -0.02000081 -2.622128 15.96889 -0.02000081 5.872482 10.51528 0.0200001 6.085981 10.08236 1.24797e-7 6.085981 10.08236 0.0200001 8.697933 14.83206 0.0199992 8.718881 14.82789 -0.02000075 8.718881 14.82789 0.0199992 -19.40693 14.36161 0.01999998 -19.59278 13.81413 -0.01999998 -19.59278 13.81413 0.01999998 -16.95395 2.116995 -0.01999992 -16.45055 1.542983 0.01999998 -16.95395 2.116995 0.01999998 5.933738 6.49258 0 6.172992 7.197402 0.01999992 -17.13733 8.982699 -0.01999986 -17.0652 8.824888 0.0200001 -17.0652 8.824888 -0.01999986 -17.16852 15.86602 0 -17.16852 15.86602 0.0200001 4.803781 4.542985 -0.01999998 10.67661 4.670152 -0.01999998 4.919254 4.427511 -0.01999998 4.329183 3.910031 0.01999998 4.919254 4.427511 0.01999998 3.177404 12.47402 -0.01999998 -16.59625 5.107617 4.48897e-7 -16.59625 5.107617 0.02000033 6.676615 0.506846 0.0200001 6.676615 0.506846 -0.0199998 12.31443 3.159504 0.01999992 12.46338 3.90831 -0.02000004 12.46338 3.90831 0.01999992 -18.11014 4.908307 0.02000039 -17.9612 4.159501 -0.01999986 -17.96119 4.159501 0.02000039 4.207348 12.36567 -0.01999992 4.207348 12.36567 0.01999998 -12.47825 15.59807 0 -13.14581 15.92727 0.02000004 -12.37948 13.61405 -0.01999992 -12.78893 13.97312 0.02000004 -12.78893 13.97312 -0.01999992 -16.15125 14.66878 -0.0199998 -15.88329 14.75974 0.0200001 -16.15125 14.66878 0.0200001 -13.79614 0.1737701 0.01999992 -13.08523 -0.1166141 0.01999992 -16.0189 4.139415 -0.01999986 -15.78749 3.670149 -0.01999986 -15.7814 4.743577 -0.0199998 -15.87276 5.202865 0.0200001 -15.7814 4.743577 0.0200001 -5.842663 0.5386888 0.0200001 -5.670053 0.5210068 -0.0199998 -5.842663 0.5386888 -0.0199998 10.80617 12.76957 -0.02000075 10.81804 12.7518 0.0199992 10.80617 12.76957 0.0199992 4.39288 9.987088 -0.01999986 4.550092 9.751805 0.0200001 4.39288 9.987088 0.0200001 10.96277 12.78868 0.0199992 10.82749 12.73265 0.0199992 10.83435 12.71242 0.0199992 4.907642 9.267953 0.0200001 4.966585 8.971632 1.73226e-7 4.309841 10.30338 0.0200001 4.509046 10.07622 1.24797e-7 4.309841 10.30338 0 -14.47825 1.937812 0.01999998 -14.47825 1.937812 0 10.82749 12.73265 -0.02000075 -12.84549 1.704368 0.01999998 -18.19193 7.189428 -0.01999992 -18.19193 7.189428 0.01999998 6.676615 -1.020118 1.86265e-7 -1.622562 12.58999 0.0199992 -1.630466 12.62972 -7.84174e-7 -1.622562 12.58999 -7.87899e-7 -17.25524 13.18779 0.0200001 -17.30628 12.9312 -0.01999986 -17.30628 12.9312 0.0200001 -1.481125 12.62789 -0.02000075 -1.485294 12.64883 0.0199992 -1.481125 12.62789 0.0199992 12.26724 13.5885 0.01999908 12.14043 13.51529 0.01999908 12.23822 13.31699 0.01999908 11.87182 13.86536 -8.36328e-7 12.0176 13.69913 0.01999908 11.87182 13.86536 0.01999908 -1.569111 12.4816 0.0199992 -1.59162 12.51529 -7.89762e-7 -1.569111 12.4816 -7.89762e-7 -16.91009 13.88767 0.0200001 -17.05544 13.67015 -0.01999986 -17.05544 13.67015 0.0200001 -9.149909 1.356878 0 -9.149909 1.356878 0.01999998 -13.53339 13.77052 0.0200001 -13.79265 14.36567 0.0200001 -13.95338 13.97764 0.0200001 -3.231633 3.576822 0.01999998 -1.478252 4.937815 0 -1.478252 4.937815 0.02000004 12.14043 13.51529 -8.21426e-7 12.9124 13.59625 0.01999908 13.01415 13.2965 -0.02000081 -6.354161 -1.039649 -0.01999986 -6.185003 -1.078287 0.0200001 -6.354161 -1.039649 0.0200001 3.993551 10.38642 -0.01999986 12.40866 13.67015 0.01999908 12.52437 13.43552 0.01999908 12.52437 13.43552 -0.02000081 12.60847 13.18779 0.01999908 -0.3586618 4.806447 0.0200001 2.149364 3.173773 0.0200001 2.149364 3.173773 1.24797e-7 -17.0546 8.515415 0.02000004 -16.98247 8.357604 0 -16.98247 8.357604 0.02000004 3.669624 12.37611 -0.01999992 3.669624 12.37611 0.01999998 8.717042 14.97723 -7.86036e-7 8.756777 14.96933 0.0199992 8.756777 14.96933 -7.86036e-7 9.871579 15.86511 -9.07108e-7 9.871579 15.86511 0.01999902 3.236518 10.75974 -0.01999986 3.236518 10.75974 0.02000004 -16.83605 8.357604 -0.01999986 -16.77042 8.196978 0.02000004 -16.77042 8.196978 -0.01999992 12.51331 8.670153 0.0199992 12.51331 12.67015 -0.02000087 12.51331 12.67015 0.01999902 -1.323388 16.50685 -0.02000093 -1.323388 16.50685 0.0199992 -8.12517 -0.1925255 0.02000004 -7.959727 -0.2448334 0 -8.12517 -0.1925255 0 6.366884 8.67015 0 10.79209 12.78563 -0.02000075 10.79209 12.78563 0.0199992 10.91925 0.4275121 -0.01999998 10.32918 -0.08996796 0.01999998 10.91925 0.4275121 0.01999998 -2.168521 11.20633 0.01999908 -2.352357 11.32917 -8.41916e-7 -2.352357 11.32917 0.01999908 9.975114 15.96865 0.01999902 9.975114 15.96865 -0.02000087 -18.72993 9.143322 0.0200001 -18.72993 9.143322 1.21072e-7 12.17299 3.197402 0.01999992 12.17299 3.197402 0 -16.72946 14.50258 0.0200001 -16.47825 14.67043 1.37836e-7 -16.72946 14.50258 1.2666e-7 2.676614 10.67015 0.01024442 2.937666 10.65304 -0.01999986 2.676614 10.67015 -0.0298022 -13.67412 14.65182 0.0200001 -13.16852 14.40249 0 -13.67412 14.65182 0 9.323451 16.23176 0.01999908 9.521752 16.13397 -8.19564e-7 9.521752 16.13397 0.01999908 5.389566 11.3831 0.02000004 5.012247 11.714 -0.01999992 5.012247 11.714 0.02000004 8.791851 14.78539 -0.02000087 8.791851 14.78539 0.01999902 -0.4388258 4.507271 0.0200001 -0.9726469 4.688479 0 -0.4388258 4.507271 1.39698e-7 -1.51194 14.91588 0.0199992 -1.478252 14.93838 -7.89762e-7 -1.51194 14.91588 -7.93487e-7 -17.51954 2.670149 -0.01999992 -17.86667 3.374049 0.02000004 -17.51954 2.670149 0.02000004 -13.83403 0.03233397 0.01999992 -13.08523 -0.1166141 -0.02000004 3.198719 12.63593 -0.01999998 3.198719 12.63593 0.01999998 -17.81976 4.197399 0.0200001 -17.58051 3.492577 4.5076e-7 -17.81976 4.197399 4.5076e-7 -15.32339 0.4739964 0.01999992 -15.97595 0.9100291 -0.01999998 -15.97595 0.9100291 0.01999998 -3.02027 11.96728 0.01999908 -3.02027 11.96728 -0.02000081 10.97579 12.75032 0.0199992 10.98369 12.71058 -7.86036e-7 10.97579 12.75032 -7.87899e-7 -17.13733 8.982699 0.0200001 -12.79067 2.120776 -0.01999992 -12.79067 2.120776 0.01999998 8.897238 16.34596 0.0199992 9.114089 16.30283 -8.028e-7 9.114089 16.30283 0.01999908 9.194252 16.60201 0.01999908 9.44198 16.51791 -0.02000081 9.302957 17.00769 0.01999908 7.711891 0.806448 0.0200001 7.198719 0.7043719 -0.0199998 7.711891 0.806448 -0.01999986 -11.29975 14.69375 0 -11.29976 14.69378 0.01999998 -1.609542 14.78868 0.0199992 -1.474262 14.73264 0.0199992 -1.464814 14.7518 0.0199992 12.45072 13.14553 0.01999908 12.4976 12.90989 -0.02000075 12.45072 13.14553 -0.02000075 -16.79163 16.21479 0.0200001 -16.3164 16.37611 -0.01999986 -16.79163 16.21479 -0.01999986 5.505043 11.49858 -0.01999992 5.850028 11.1052 0.02000004 -16.90818 8.515416 0.02000004 -16.90818 8.515416 -0.01999986 -18.6643 8.9827 0.0200001 -18.6643 8.9827 0 -1.422802 14.79971 -0.02000075 -1.405039 14.81158 0.0199992 -1.422802 14.79971 0.0199992 -8.292611 1.233526 0 -8.292611 1.233526 0.02000004 -3.020272 15.37302 0.01999902 -2.884993 15.31699 0.01999908 -2.787204 15.51529 0.01999908 -12.11339 16.23004 0.02000004 -13.02729 16.21343 0.02000004 -12.32339 15.8663 0.02000004 12.21989 2.374052 -0.02000004 -1.452945 14.76956 0.0199992 -1.438861 14.78562 -0.02000075 -1.438861 14.78562 0.0199992 -1.609542 14.78868 -7.95349e-7 10.83992 8.670152 0.0199992 10.83992 8.670152 -0.02000075 -3.722684 14.98602 0.01999902 -3.743388 14.67015 -0.02000087 -3.743388 14.67015 0.01999902 0.1545103 4.704371 -0.0199998 -0.3586618 4.806447 -0.01999986 -16.6591 7.868365 -0.01999992 -16.61359 7.700926 0.02000004 -16.61359 7.700926 -0.01999992 -1.323386 10.97988 0.01999896 -7.635933 1.011063 0 -7.635933 1.011063 0.02000004 -16.49024 6.843627 -0.01999998 -16.48669 6.67015 0.01999998 -16.48669 6.67015 -0.01999998 0.114082 4.397291 1.63913e-7 -1.622564 14.75031 -7.97212e-7 -1.622564 14.75031 0.0199992 -1.405037 12.52873 0.0199992 -1.4228 12.54059 -0.02000075 -1.4228 12.54059 0.0199992 6.221258 10.13839 0.0200001 6.382575 9.663162 -0.01999986 6.221258 10.13839 -0.01999986 -19.10353 9.979126 0.0200001 -19.07182 9.808533 -0.0199998 -19.07182 9.808533 0.0200001 -1.464814 14.7518 -0.02000075 7.058801 9.247077 -0.0199998 6.946006 9.814131 -0.01999986 -12.32339 -0.02012223 0.01999992 -12.32339 -0.02012223 0 9.594964 16.26078 -0.02000081 9.794723 16.1273 0.01999908 -1.323388 14.97988 0.0199992 -1.323388 14.97988 -9.59262e-7 8.855981 1.829948 0.02000004 9.505043 1.841724 0.02000004 9.20806 2.13871 0.02000004 -18.9254 9.808533 0.0200001 -18.9254 9.808533 1.49012e-7 8.758269 1.064624 0.02000004 9.211075 1.36718 -0.01999992 8.758269 1.064624 -0.01999986 -18.87635 9.143322 0.0200001 -18.81072 8.9827 -0.01999986 -2.151814 5.841723 0.02000004 -1.502752 5.829947 0.02000004 -1.854828 6.138709 0.02000004 -17.60127 10.15087 0.0200001 -17.61895 10.32348 1.71363e-7 -17.60127 10.15087 1.63913e-7 -16.85307 14.19984 -0.01999986 -16.85307 14.19984 0.0200001 -1.970223 11.10855 0.01999908 -2.168521 11.20633 -8.45641e-7 -7.635933 -0.5159034 -0.01999986 -7.635933 -0.5159034 0.02000004 -15.62636 3.135689 0.02000004 -15.62636 3.135689 -0.01999992 4.509046 10.07622 0.0200001 4.676898 9.825016 1.35973e-7 -19.03319 9.639375 -0.01999986 -1.630468 14.71058 0.0199992 8.83148 14.93839 -7.89762e-7 8.865167 14.91588 0.0199992 10.28214 2.5885 -0.01999992 10.28214 2.5885 0.01999998 -2.533388 16.76593 0.01999908 -2.323388 16.4022 0.01999908 -2.088753 16.51791 0.01999908 -14.50096 0.4130246 0 -5.323385 -1.166543 0.0200001 6.676615 -1.166542 -0.0199998 6.676615 -1.166542 0.0200001 -17.53339 16.49798 0.02000004 -17.01485 16.7537 -0.01999986 -17.53339 16.49798 -0.01999986 -18.17424 7.016818 -0.01999992 -7.010837 -0.8171853 0.0200001 -6.850213 -0.8828132 -0.01999986 -6.850213 -0.8828132 0.0200001 7.04169 7.832174 0.01999986 7.096614 8.67015 -0.02000004 7.096614 8.67015 0.01999986 10.58486 -0.4231759 0.01999998 -18.44381 8.196979 0.02000004 -18.38479 8.033808 -0.01999992 -15.24173 0.6154225 -0.01999998 -15.87654 1.039589 0.01999998 -15.87654 1.039589 -0.01999998 4.642395 8.148049 0.01999998 4.676614 8.67015 -0.01999998 4.676614 8.67015 0.01999998 -17.48315 10.49667 -0.0199998 -17.48669 10.67015 0.0200001 -17.48315 10.49667 0.0200001 6.676614 8.67015 0.01999992 6.625282 7.886994 -0.02000004 6.625282 7.886994 0.01999992 -6.014409 0.5634008 0.0200001 -6.014409 0.5634008 -0.0199998 -14.80128 14.63593 -0.0199998 -14.28811 14.53385 0.0200001 -14.28811 14.53385 -0.01999986 7.239147 0.3972918 1.6205e-7 7.792055 0.507272 0.0200001 7.239147 0.3972918 0.0200001 -17.32339 12.67015 0.0200001 -16.88987 12.87638 0.0200001 -1.79876 16.44426 0.01999908 -1.563123 16.49113 -0.02000075 -1.79876 16.44426 -0.02000075 4.044935 9.46015 -0.0199998 -2.91401 11.7518 0.01999908 -2.91401 11.7518 -0.02000081 -16.45107 5.126729 -0.01999956 -16.34483 4.592607 0.0200001 -16.34483 4.592607 -0.01999956 -17.57656 9.979126 0.0200001 -17.57656 9.979126 1.56462e-7 -16.83778 2.206133 0.01999998 -16.34702 1.646521 0 -16.83778 2.206133 4.5076e-7 -2.956064 15.10762 0.01999908 -2.884993 15.31699 -8.51229e-7 4.523006 7.076923 0.01999998 4.282142 6.588499 -0.01999992 4.282142 6.588499 0.01999998 -5.670053 0.3745829 1.73226e-7 -5.496863 0.3639629 0.0200001 5.389566 11.3831 -0.01999992 3.194252 10.602 0.0200001 2.937666 10.65304 0.0200001 -1.630466 12.62972 0.0199992 -1.633115 12.67015 -7.84174e-7 10.54032 3.634876 -0.01999998 8.676612 16.36042 0.01999896 8.897238 16.34596 -7.93487e-7 -13.98501 -0.5310958 0.01999986 -14.61949 0.1268703 0.01999992 -14.78022 -0.2611573 0.01999992 -3.660928 15.29649 0.01999902 -3.722684 14.98602 -0.02000087 -17.43014 9.979126 0.0200001 -17.43014 9.979126 -0.0199998 -5.842663 -0.9882771 0.0200001 -5.670053 -1.005957 1.73226e-7 -5.842663 -0.9882771 1.65775e-7 -2.241736 16.26078 0.01999908 -2.02626 16.36704 -0.02000081 -2.241736 16.26078 -0.02000081 12.67661 4.670152 0.01999992 13.04169 3.832174 0.01999986 13.09661 4.670152 0.01999986 -3.323388 14.67015 0.01999902 8.22953 -1.125402 0.0200001 7.459772 -1.278518 -0.0199998 7.459772 -1.278518 0.0200001 4.095752 6.046553 0 3.724054 5.622711 0.02000004 3.724054 5.622711 0 -3.144368 12.43041 0.0199992 -3.160079 12.67015 -0.02000075 -1.970226 16.23176 -8.12113e-7 -1.760862 16.30283 0.01999908 -1.970226 16.23176 0.01999908 -18.23837 8.033809 0 -18.18606 7.868366 0.02000004 -18.18606 7.868366 0 -6.014409 -0.9635652 0.0200001 -6.014409 -0.9635652 1.58325e-7 -18.16008 5.670149 0.0200001 -18.11015 4.908307 -0.0199995 -16.32339 14.4022 0.0200001 -2.914012 15.5885 0.01999908 -3.020272 15.37302 -0.02000081 -15.74252 3.04655 0 8.83148 0.9378159 0 9.300213 1.251014 0.02000004 8.83148 0.9378159 0.02000004 4.676614 12.13425 0.01999998 5.11166 11.84356 -0.01999992 5.11166 11.84356 0.02000004 -8.46177 -0.2547996 0.02000004 -8.292611 -0.2934395 -0.01999992 5.604532 5.825017 0 5.933738 6.49258 0.01999992 -1.758432 5.496737 -0.01999992 -2.151814 5.841723 -0.01999992 -16.7114 8.033808 0.02000004 -16.7114 8.033808 -0.01999992 9.20806 2.13871 -0.01999992 -17.41671 1.761901 -0.01999998 -16.86301 1.130523 -0.01999998 -8.292611 1.379951 0.02000004 -8.12517 1.33444 -0.01999992 -18.93537 9.306493 -0.01999986 -18.93537 9.306493 0.0200001 12.23822 13.31699 -8.10251e-7 -1.323386 12.36042 -8.41916e-7 8.795145 14.95631 -7.87899e-7 8.83148 14.93839 0.0199992 6.877859 7.008533 -0.02000004 6.607919 6.213324 0.01999992 6.607919 6.213324 -0.02000004 5.191008 5.206135 0.01999998 4.700243 4.646523 0.01999998 1.220034 4.542463 0.0200001 1.754157 4.648707 -0.01999986 2.325876 4.688479 0 2.831481 4.937815 0.02000004 2.325876 4.688479 0.0200001 -0.8541195 4.974633 -0.01999986 -1.323385 5.206049 0.0200001 -1.323385 5.206049 -0.01999986 8.187266 -0.9676621 -0.01999986 8.910223 -0.72225 0.02000004 4.804302 8.126732 -0.01999998 4.839921 8.67015 0.01999998 4.839921 8.67015 -0.01999998 -18.36301 8.357604 0 -18.29739 8.196979 0.02000004 -18.29739 8.196979 0 -6.850213 0.7905748 0.0200001 11.19101 1.206136 0 11.60453 1.825018 0.01999992 6.069017 6.436546 -0.02000004 5.73134 5.751804 0.01999992 4.40895 6.515285 0.01999998 4.40895 6.515285 0 6.463376 7.90831 0.01999992 6.513307 8.67015 -0.02000004 6.513307 8.67015 0.01999992 -14.20795 14.83303 0.0200001 -14.20795 14.83303 1.37836e-7 -2.267287 5.726249 0.02000004 -5.496863 0.5103868 0.0200001 -5.670053 0.5210068 0.0200001 -2.168524 16.13397 -8.21426e-7 -2.168524 16.13397 0.01999908 6.372133 10.20088 0.0200001 6.504446 10.88015 0.02000004 6.140716 10.67015 0.0200001 -2.884991 12.02331 -8.10251e-7 -2.956062 12.23268 0.01999908 -2.884991 12.02331 0.01999908 10.83992 12.67015 -0.02000075 -13.66177 16.8714 0.0200001 -14.54023 16.61882 0.0200001 -13.77047 16.46571 0.0200001 -14.54023 16.61882 -0.0199998 -13.77047 16.46571 -0.01999986 -1.485294 12.64883 -0.02000075 -1.486692 12.67015 0.0199992 8.676612 14.97988 0.01999896 8.717042 14.97723 0.0199992 1.419345 3.028561 1.56462e-7 2.338233 2.468907 0.0200001 1.514593 2.305075 -0.0199998 2.338233 2.468907 -0.01999986 -2.664367 11.64118 -8.27014e-7 -2.787201 11.82501 0.01999908 -1.584437 10.68726 0.01999902 -1.841023 10.7383 -0.02000081 -1.841023 10.7383 0.01999902 3.25354 13.05234 0.01999998 5.769943 4.761904 0.01999992 6.236498 5.460152 0.01999992 -13.16137 -0.6949279 0.01999986 -16.45055 1.542983 -0.01999998 -8.804107 -0.1983876 0.01999998 -8.632363 -0.2230995 -0.01999992 -8.632363 -0.2230995 0.02000004 -18.43515 8.515416 0 -18.36301 8.357604 0.02000004 -17.54486 9.808532 0.0200001 -17.50622 9.639374 1.43424e-7 -15.90031 17.05234 -0.0199998 -16.46737 16.93954 -0.01999986 -8.976717 -0.1807056 -0.01999992 -8.976717 -0.1807056 0.01999998 -12.69979 14.08929 0.02000004 -13.16852 14.40249 0.02000004 -2.787201 11.82501 -8.19564e-7 -2.540907 11.08344 0.01999908 -2.737599 11.25594 -0.02000081 -2.737599 11.25594 0.01999908 -18.4488 15.79556 0.02000004 -18.01411 16.17677 -0.01999992 -18.4488 15.79556 -0.01999992 -11.41514 15.76348 -0.01999998 -10.78376 15.20978 0.01999998 -10.78376 15.20978 -0.01999998 -18.11895 4.117235 -0.0199995 4.095752 6.046553 0.02000004 -16.48669 5.670149 -0.01999956 -16.45107 5.126729 0.02000033 -2.787401 4.155757 0 -2.168519 3.742233 0 -2.780533 11.55204 0.01999908 -16.7376 14.08436 0.0200001 -16.91009 13.88767 -0.01999986 -13.14402 13.51035 0.02000004 -12.79194 13.20159 -0.01999992 -12.79194 13.20159 0.02000004 -2.664369 15.69912 -8.41916e-7 -1.441914 12.384 -7.95349e-7 -1.40355 12.37098 -7.97212e-7 -16.73559 16.07952 1.2666e-7 -16.73559 16.07952 0.0200001 2.831481 4.937815 0 3.300213 5.251013 0.02000004 -1.798757 10.89604 0.01999902 -1.563121 10.84917 -0.02000081 -1.563121 10.84917 0.01999902 2.676614 10.25015 -0.01999986 -19.70557 13.24707 0.01999998 -16.63312 5.670149 4.5076e-7 -16.63312 5.670149 0.0200001 -15.7874 1.155755 0.01999998 -16.34702 1.646521 0.01999998 -1.760859 11.03748 0.01999908 -1.970223 11.10855 -8.51229e-7 -2.999196 12.44953 -7.91624e-7 -3.013655 12.67015 0.0199992 -2.999196 12.44953 0.0199992 -13.43883 1.50727 0.01999998 -12.88592 1.397288 0 -12.88592 1.397288 0.01999998 4.372133 7.139417 0.01999998 4.540318 7.634875 -0.01999998 4.540318 7.634875 0.01999998 -17.4084 9.306492 1.28523e-7 -17.4084 9.306492 0.0200001 -3.559174 11.74406 0.01999908 -3.660925 12.04381 -0.02000081 -3.559174 11.74406 -0.02000081 -17.88327 2.460149 0.02000004 -18.25469 3.213321 -0.01999992 -17.88327 2.460149 -0.01999992 8.739109 14.82103 0.0199992 -3.419167 11.46015 0.01999908 -3.055436 11.67015 0.01999908 -18.58157 8.515416 0.02000004 -18.50944 8.357604 -0.01999986 -18.50944 8.357604 0.02000004 -18.44381 8.196979 -0.01999992 3.850029 6.235105 0.02000004 4.140716 6.670151 -0.01999992 4.140716 6.670151 0.01999998 -2.737602 16.08436 -0.02000081 -2.737602 16.08436 0.01999908 -1.323385 10.25015 0.01999902 -1.323385 10.67015 0.01999902 -17.58051 3.492577 0.02000004 -17.25131 2.825015 4.5076e-7 -2.323385 10.9381 0.01999902 -2.540907 11.08344 -0.02000081 -3.055436 11.67015 -0.02000081 -1.38588 12.51928 0.0199992 -1.405037 12.52873 -0.02000075 -14.8561 14.21952 0.0200001 -14.39681 14.12816 0.0200001 12.35242 12.89078 -7.93487e-7 12.36688 12.67015 0.01999902 -2.477839 -0.882223 1.50874e-7 -2.477839 -0.467745 1.50874e-7 -2.551474 -0.816481 1.546e-7 -17.25131 2.825015 0.02000004 9.151988 16.44426 0.01999908 9.151988 16.44426 -0.02000075 -1.43886 12.55468 -0.02000075 -1.452943 12.57074 0.0199992 -1.43886 12.55468 0.0199992 -8.46177 -0.1083756 0.02000004 -8.292611 -0.1470134 0 -8.46177 -0.1083756 0 -7.959727 1.135709 0 -7.796557 1.076691 0.02000004 -2.02626 16.36704 0.01999908 -5.496863 0.3639629 1.80677e-7 -5.323385 0.3604208 0.0200001 -0.9166138 4.823759 0.0200001 -0.9166138 4.823759 -0.01999986 0.6766147 2.833457 -0.0199998 0.6766147 2.833457 0.0200001 9.979588 2.135692 0.02000004 9.620516 1.72625 -0.01999992 9.620516 1.72625 0.02000004 -14.11339 2.569778 0.02000004 5.191008 5.206135 0 5.604532 5.825017 0.01999992 -2.441496 16.1273 0.01999908 -5.496863 0.5103868 -0.0199998 1.792055 4.507271 1.39698e-7 3.979586 6.135691 0.02000004 3.620517 5.726249 0.02000004 -2.780535 15.78826 0.01999908 -2.914012 15.5885 -0.02000081 -16.64728 7.016818 0.01999998 -16.66496 7.189427 0 -16.64728 7.016818 0 -3.034586 16.38135 0.01999908 -3.243304 16.14335 -0.02000081 -3.243304 16.14335 0.01999902 -18.59217 8.824889 0.0200001 -18.59217 8.824889 0 -17.32339 16.13425 -0.01999986 -16.85412 16.36567 0.0200001 -17.32339 16.13425 0.0200001 3.886615 3.110267 -0.01999992 3.133443 2.738845 -0.01999992 -6.185003 -0.9318632 0.0200001 -6.185003 -0.9318632 1.50874e-7 6.219892 6.374052 0.01999992 6.877859 7.008533 0.01999986 6.472169 7.117238 0.01999992 -1.542398 12.45114 -7.91624e-7 -1.511938 12.42442 -7.93487e-7 -2.780535 15.78826 -0.02000081 -5.323385 0.5068449 -0.0199998 12.3182 3.927422 0.01999992 12.3182 3.927422 0 9.886613 16.76593 0.01999908 9.886613 16.76593 -0.02000081 -3.419167 11.46015 -0.02000081 -2.999198 14.89077 0.01999908 -2.956064 15.10762 -8.56817e-7 -1.544009 10.99434 0.01999902 -1.760859 11.03748 -8.53091e-7 -1.441914 12.384 0.0199992 -5.496863 -1.163001 0.0200001 -5.323385 -1.166543 -0.0199998 -1.113385 5.569779 0.0200001 -0.8541195 4.974633 0.0200001 -0.693392 5.362663 0.0200001 3.676614 3.473999 -0.01999992 2.972714 3.126873 0.02000004 3.984102 7.300145 0.02000004 4.134628 7.74358 0.01999998 -11.77023 15.30071 -0.01999992 -11.77023 15.30071 0.01999998 4.839492 7.554711 0.01999998 4.949474 8.107621 0 9.705588 16.01114 -8.28877e-7 9.984105 3.300146 -0.01999992 9.984105 3.300146 0.02000004 -2.956062 12.23268 -8.00937e-7 3.594963 3.615425 -0.01999992 -16.49024 6.843627 0.01999998 8.910223 -0.72225 -0.01999986 9.594964 -0.384574 0.02000004 1.603186 5.212137 -0.0199998 1.143899 5.120779 0.0200001 1.603186 5.212137 0.0200001 -2.35236 16.01113 0.01999908 8.895387 14.88892 0.01999902 10.89562 12.88916 -7.93487e-7 8.895387 14.88892 -9.07108e-7 4.675249 9.498013 -0.0199998 4.766206 9.230055 0.0200001 4.675249 9.498013 0.0200001 -3.013656 14.67015 0.01999902 -2.999198 14.89077 -8.58679e-7 -3.450551 4.542985 0.01999998 -12.37948 13.61405 0.02000004 6.480485 9.170942 -0.0199998 -0.06611549 3.028561 0.0200001 -7.959727 -0.2448334 0.02000004 -7.796557 -0.3038494 0 1.711891 4.806447 0.0200001 -1.760862 16.30283 -8.04663e-7 -1.544012 16.34596 0.0199992 -14.50096 0.4130246 0.01999992 8.795145 14.95631 0.0199992 -7.168649 -0.7450552 -0.01999986 -2.241734 3.615425 0.02000004 -1.556992 3.277749 -0.01999986 1.198719 4.704371 -0.0199998 1.711891 4.806447 -0.01999986 -17.41298 13.23005 0.02000004 -17.32202 13.49801 -0.01999986 -19.28917 13.19225 -0.01999998 -19.28917 13.19225 0.01999998 9.211075 1.36718 0.02000004 8.325878 0.6884799 0 8.325878 0.6884799 0.0200001 -18.23837 8.033809 0.02000004 -1.452945 14.76956 -0.02000075 4.584863 3.576823 0.01999998 5.216242 4.130525 0.01999998 -7.168649 -0.5986313 0.0200001 -7.010837 -0.6707612 0 -7.168649 -0.5986313 0 -16.48669 5.670149 0.0200001 -16.23163 0.576821 0.01999992 -15.53339 0.1102644 -0.02000004 -15.53339 0.1102644 0.01999992 6.382575 9.663162 0.0200001 -16.16978 4.076921 0.0200001 -15.92891 3.588497 -0.01999986 -16.16978 4.076921 -0.01999986 -2.088753 16.51791 -0.02000081 -18.86803 14.13839 0.01999998 -19.02935 13.66316 -0.01999992 2.229528 2.874597 0.0200001 1.459773 2.721481 -0.0199998 1.459773 2.721481 0.0200001 -8.804107 1.475003 0.01999998 -8.632363 1.45029 -0.01999992 -8.804107 1.475003 -0.01999992 9.776987 2.880152 0.02000004 9.516819 2.490786 -0.01999992 9.516819 2.490786 0.02000004 -3.013655 12.67015 -7.84174e-7 -3.013656 14.67015 -8.71718e-7 -1.323385 10.25015 -0.02000087 -14.77997 14.79784 -0.0199998 -15.32339 14.83346 0.0200001 -15.32339 14.83346 -0.0199998 -16.64032 14.38642 0.0200001 13.09661 4.670152 -0.02000004 -1.59162 12.51529 0.0199992 -1.60954 12.55162 -7.87899e-7 -6.014409 -1.109989 -0.0199998 -6.014409 -1.109989 0.0200001 3.894136 10.25686 0.0200001 3.676614 10.4022 -0.01999986 3.676614 10.4022 0.0200001 -16.18709 4.634873 0.0200001 -16.28917 5.148045 -0.01999956 -16.18709 4.634873 -0.01999986 12.06902 2.436546 0.01999992 12.31443 3.159504 -0.02000004 -6.354161 -0.8932252 0.0200001 -6.185003 -1.078287 -0.0199998 -12.32339 1.360418 0.01999998 4.676898 9.825016 0.0200001 12.36688 4.670152 0.01999992 12.36688 4.670152 0 3.638458 9.923648 0.0200001 -16.08875 14.51791 -0.0199998 -16.32339 14.4022 -0.01999986 8.676612 16.36042 -9.59262e-7 -1.323388 16.36042 0.01999896 -1.323388 16.36042 -8.41916e-7 -1.841026 16.602 -0.02000075 -1.841026 16.602 0.01999908 11.30717 1.116998 -0.01999998 10.80378 0.542986 -0.01999998 -16.6591 7.868365 0.02000004 -17.71579 3.436543 -0.01999986 -17.71579 3.436543 0.02000004 4.594963 11.99282 -0.01999992 2.466614 5.569779 -0.01999986 2.04662 5.362663 0.0200001 -13.40093 1.648704 0.01999998 -13.91661 1.823756 -0.01999998 -13.91661 1.823756 0.01999998 -8.804107 1.328578 0 -8.632363 1.303866 0.02000004 -6.521601 -0.9941392 -0.01999986 -6.521601 -0.9941392 0.0200001 4.923109 11.59784 0.02000004 5.286029 11.27957 0 -1.38588 12.51928 -0.02000075 2.676614 10.97988 0.01019769 2.978095 10.96012 -0.01110059 2.676614 10.97988 -0.009713351 12.62528 3.886994 -0.02000004 12.62528 3.886994 0.01999992 9.323451 16.23176 -8.12113e-7 -16.30506 4.020887 0 1.754157 4.648707 0.0200001 11.30717 1.116998 0.01999998 -1.5424 14.88916 0.0199992 6.236497 5.460152 -0.02000004 4.821413 8.95252 -0.0199998 4.821413 8.95252 0.0200001 -5.496863 -1.016577 1.80677e-7 -5.323385 -1.020119 0.0200001 -5.323385 -1.020119 1.88127e-7 -18.87635 9.143322 -0.01999986 -12.32339 15.8663 -0.01999992 -1.798757 10.89604 -0.02000081 9.594964 -0.384574 -0.01999992 6.241142 9.625266 0.0200001 -1.949727 10.33261 0.01999902 -1.639259 10.27085 -0.02000087 -1.639259 10.27085 0.01999902 3.300213 5.251013 0 4.698059 7.592609 0.01999998 4.523006 7.076923 -0.01999998 2.978095 10.96012 0.02000004 -17.34939 9.143322 0.0200001 3.504476 10.66878 -0.01999986 -1.365654 14.82789 -0.02000075 -1.365654 14.82789 0.0199992 3.793842 9.78738 -0.01999986 3.793842 9.78738 0.0200001 -17.37811 2.751801 -0.01999992 -17.37811 2.751801 0.02000004 -7.010837 -0.6707612 0.0200001 -14.50275 2.829944 -0.01999992 -14.50275 2.829944 0.02000004 -18.86803 14.13839 -0.01999992 -14.76085 14.94301 1.6205e-7 -14.76085 14.94301 0.0200001 -16.08875 14.51791 0.0200001 -15.84102 14.602 -0.0199998 10.96277 12.78868 -7.87899e-7 -7.959727 1.282132 0.02000004 -7.796557 1.223114 -0.01999992 -7.959727 1.282132 -0.01999992 -14.55699 0.2777464 0.01999992 -13.83403 0.03233397 -0.02000004 8.466615 1.56978 0.0200001 8.207348 0.9746339 0.0200001 8.676615 1.20605 0.0200001 4.766206 9.230055 -0.0199998 -18.10191 7.531768 0 -18.07021 7.361174 0.02000004 10.98634 12.67015 -8.71718e-7 3.56051 10.80406 0.02000004 3.274416 10.90118 0 3.274416 10.90118 0.02000004 8.149366 -0.8262261 0.0200001 8.854188 -0.5869721 0 -7.168649 0.9283347 0.0200001 12.40866 13.67015 -0.02000081 -17.61335 12.97163 0.02000004 -17.63311 12.67015 0 -17.63311 12.67015 0.02000004 -18.88791 13.62526 0.01999998 -18.73275 14.08236 0 3.984102 7.300145 -0.01999992 12.51331 4.670152 -0.02000004 12.51331 4.670152 0.01999992 -1.113385 5.569779 -0.01999986 -13.24996 2.212134 0.01999998 -13.69339 2.36266 -0.01999992 -13.69339 2.36266 0.02000004 -11.67082 15.43027 0.01999998 -11.08075 14.91279 -0.01999998 -11.08075 14.91279 0.01999998 -9.149909 1.503302 0.01999998 -8.976717 1.492682 -0.01999992 -9.149909 1.503302 -0.01999998 7.603188 1.212138 -0.0199998 7.143898 1.12078 0.0200001 7.603188 1.212138 0.0200001 -1.60954 12.55162 0.0199992 -18.25469 3.213321 0.02000004 3.177404 12.47402 0.01999998 8.676612 14.97988 -9.59262e-7 -17.4573 13.55405 0.02000004 -17.55441 13.26795 0 -17.55441 13.26795 0.02000004 8.676612 14.83346 -0.02000093 -1.323388 14.83346 -0.02000093 -15.42376 3.880148 -0.01999986 -15.63087 4.300143 0.0200001 -16.63666 6.843627 0.01999998 -8.632363 1.45029 0.02000004 -0.8340331 3.032337 -0.01999986 -11.85937 15.18454 0 -11.85937 15.18454 0.01999998 3.979586 6.135691 -0.01999992 4.082689 10.50258 0 4.082689 10.50258 0.0200001 -17.96497 4.927419 0.02000039 -8.976717 -0.03428155 0.01999998 -1.323386 10.97988 -9.59262e-7 4.923109 11.59784 0 -19.14592 10.32348 -0.0199998 -16.91685 8.196978 0 -16.91685 8.196978 0.02000004 -8.632363 1.303866 0 -8.46177 1.272164 0.02000004 3.521748 3.742233 0.02000004 -5.670053 -1.152381 -0.0199998 -17.01485 16.7537 0.0200001 -12.27595 13.71759 0.02000004 -3.347014 4.646523 0 -12.27595 13.71759 0 3.631726 12.23468 0.01999998 4.08882 12.07952 0 3.085548 10.19631 0.0200001 -2.787401 4.155757 0.02000004 -18.14055 7.700926 0 -18.10191 7.531768 0.02000004 -18.83001 15.36087 0.01999998 -19.15122 14.88015 -0.01999998 -3.097498 15.14552 0.01999902 -3.14437 14.90989 -0.02000081 -17.41298 13.23005 -0.01999986 6.540319 9.705429 -0.01999986 6.642395 9.192255 0.0200001 -17.61335 12.97163 0 -7.168649 0.7819088 0 -17.54486 9.808532 1.50874e-7 6.140716 10.67015 -0.01999986 10.83435 12.71242 -0.02000075 10.83852 12.69147 0.0199992 11.19101 1.206136 0.01999998 10.70024 0.646524 0.01999998 -17.61895 10.32348 0.0200001 -19.10353 9.979126 -0.0199998 -17.15582 14.07622 0.0200001 -17.32367 13.82501 0 -17.32367 13.82501 0.0200001 -2.787204 15.51529 -8.49366e-7 -1.441915 14.9563 0.0199992 -1.441915 14.9563 -7.89762e-7 -18.0172 6.843628 0.01999998 -13.53339 13.77052 -0.01999986 -8.632363 -0.07667356 0.02000004 -3.41917 15.88015 -0.02000087 -3.231633 3.576822 -0.01999998 -3.863012 4.130525 0.01999998 -3.863012 4.130525 -0.01999998 -13.8763 -0.125406 0.01999992 -14.61949 0.1268703 -0.02000004 -7.796557 -0.4502735 0.02000004 -3.25524 15.18779 -0.02000081 -3.25524 15.18779 0.01999902 4.698059 7.592609 -0.01999998 4.804302 8.126732 0.01999998 -17.48669 10.67015 -0.01999986 4.550092 9.751805 -0.01999986 -16.85783 8.033808 0.02000004 -6.014409 0.4169747 1.58325e-7 -6.687043 -0.9418312 -0.01999986 -6.687043 -0.9418312 0.0200001 -6.521601 0.5328268 1.35973e-7 -6.521601 0.5328268 0.0200001 -6.687043 0.5851348 1.28523e-7 -6.687043 0.5851348 0.0200001 6.241142 9.625266 1.47149e-7 -1.478252 14.93838 0.0199992 -7.796557 1.223114 0.02000004 -17.63312 10.67015 0 -2.910094 15.88767 -0.02000081 -15.92891 3.588497 0.0200001 -13.24173 14.27568 0.02000004 -13.24173 14.27568 -0.01999986 -18.24834 7.531768 -0.01999992 -12.88834 13.84356 0.02000004 -16.56603 1.427509 -0.01999998 -17.08351 2.017581 0.01999998 1.419345 3.028561 0.0200001 12.3735 13.37303 0.01999908 12.3735 13.37303 -0.02000081 6.314428 7.159504 0.01999992 6.463376 7.90831 -0.02000004 -1.405039 14.81158 -0.02000075 -1.385882 14.82102 0.0199992 -18.99949 10.32348 0.0200001 -16.66496 7.189427 0.02000004 -16.68967 7.361174 0 -2.35236 16.01113 -8.28877e-7 -18.88676 9.639375 1.41561e-7 -18.84125 9.471937 0.0200001 -1.486692 12.67015 -0.02000075 -1.486692 14.67015 -0.02000087 -18.98209 13.15183 0 -18.98209 13.15183 0.01999998 8.676612 14.83346 0.01999896 8.697933 14.83206 -0.02000075 -6.850213 0.6441507 1.21072e-7 6.183237 11.36088 -0.01999992 5.802026 11.79556 -0.01999992 3.466614 10.03847 0.0200001 3.638458 9.923648 -0.01999986 -8.292611 -0.1470134 0.02000004 -1.542398 12.45114 0.0199992 -5.670053 -1.005957 0.0200001 -1.544012 16.34596 -7.93487e-7 5.99929 10.5885 0.0200001 -16.57495 7.531768 0.02000004 -9.323387 1.506844 -0.01999998 -2.533388 16.76593 -0.02000081 -7.796557 -0.3038494 0.02000004 10.22599 4.202868 -0.01999992 10.22599 4.202868 0.01999998 -15.82418 16.47402 0.0200001 -15.82418 16.47402 -0.0199998 -17.32339 12.67015 -0.01999986 3.47038 15.55429 -8.36328e-7 3.47038 15.78601 -8.36328e-7 3.21538 15.67015 -8.47504e-7 -16.95661 14.30338 0.0200001 -17.15582 14.07622 0 9.300213 1.251014 0 12.51331 8.670153 -0.02000075 8.854188 -0.5869721 0.02000004 -18.88676 9.639375 0.0200001 11.67661 8.131385 1.24797e-7 11.56075 7.876384 1.35973e-7 11.79248 7.876384 1.3411e-7 -14.85483 3.138706 -0.01999992 -15.16359 3.490782 0.02000004 -14.85483 3.138706 0.02000004 -19.16008 12.67015 -0.01999998 -19.16008 10.67015 -0.01999986 -14.78022 -0.2611573 -0.02000004 -16.2785 16.23468 1.45286e-7 -16.2785 16.23468 0.0200001 -19.16008 12.67015 0.01999998 -14.39681 14.12816 -0.0199998 -1.323386 10.67015 -0.02000093 -1.584437 10.68726 -0.02000087 -17.24173 15.99283 0.0200001 3.83148 10.67043 0 3.83148 10.67043 0.0200001 8.776028 14.79971 -0.02000075 8.776028 14.79971 0.0199992 -3.034583 10.95895 0.01999902 -2.796587 10.75023 -0.02000081 9.379487 16.36704 -0.02000081 9.594964 16.26078 0.01999908 -2.241733 11.07953 -0.02000081 -2.876539 4.039589 0.01999998 -2.241734 3.615425 -0.01999992 -13.81274 16.30797 0.0200001 -14.56154 16.45691 -0.0199998 -16.40504 14.54363 0.0200001 3.631726 12.23468 0 -16.47825 14.67043 0.0200001 -16.20728 14.80406 1.49012e-7 -1.780213 2.738845 -0.01999992 -2.533385 3.110267 0.02000004 -2.533385 3.110267 -0.01999992 7.792055 0.507272 1.37836e-7 -16.20728 14.80406 0.0200001 0.1331947 4.542463 -0.0199998 8.466615 1.56978 -0.01999986 8.046623 1.362664 0.0200001 -1.854828 6.138709 -0.01999992 -15.15181 2.84172 0.02000004 -15.4968 3.235103 -0.01999992 -15.15181 2.84172 -0.01999992 2.758266 5.064623 0.0200001 -17.39844 9.808532 -0.0199998 -17.3598 9.639374 0.0200001 10.92234 12.85871 0.0199992 10.94485 12.82502 -7.91624e-7 10.92234 12.85871 -7.89762e-7 -8.976717 1.492682 0.01999998 8.79209 14.78563 -0.02000075 8.79209 14.78563 0.0199992 -0.4009277 4.648707 0.0200001 -0.4009277 4.648707 -0.01999986 -16.72137 7.531768 0.02000004 -16.76001 7.700926 0 -16.72137 7.531768 0 6.069017 6.436546 0.01999992 6.314428 7.159504 -0.02000004 -1.857846 5.367179 0.02000004 0.1331947 4.542463 0.0200001 -16.3164 16.37611 0.0200001 -3.097498 15.14552 -0.02000081 10.83949 3.554712 0.01999998 10.94947 4.10762 0 4.584863 3.576823 -0.01999998 5.216242 4.130525 -0.01999998 -7.478121 -0.4416074 0.02000004 -1.544009 10.99434 -8.54954e-7 12.0176 13.69913 -8.27014e-7 -16.76001 7.700926 0.02000004 -12.86656 16.60146 -0.01999992 -12.11339 16.23004 -0.01999992 -12.47825 15.59807 0.02000004 -18.68846 4.832171 -0.0199998 -18.52463 4.008532 -0.01999986 -16.95661 14.30338 0 -8.12517 1.33444 0.02000004 8.269844 0.8237599 0.0200001 8.269844 0.8237599 -0.01999986 -15.60575 14.81495 -0.0199998 -15.60575 14.81495 0.0200001 -17.47253 10.32348 0.0200001 -18.88791 13.62526 0 -15.62487 14.96012 0.0200001 -15.32339 14.97988 1.88127e-7 -15.32339 14.97988 0.0200001 -12.69979 14.08929 0 -14.94698 2.25101 0.02000004 5.872482 10.51528 0 -2.323385 3.473999 -0.01999992 4.408664 9.67015 -0.01999986 -14.77997 14.79784 0.0200001 6.760162 10.36161 -0.01999986 6.504446 10.88015 -0.01999986 -1.385882 14.82102 -0.02000075 -18.36724 15.00578 -0.01999992 9.379487 16.36704 0.01999908 7.754156 0.648708 0.0200001 9.979588 2.135692 -0.01999992 -16.90339 12.67015 0.0200001 -6.521601 0.6792507 0.0200001 -16.84955 13.07908 -0.01999986 -16.84955 13.07908 0.0200001 6.219892 6.374052 -0.02000004 -16.83605 8.357604 0.02000004 10.69806 3.59261 -0.01999998 10.8043 4.126732 0.01999998 3.56051 10.80406 0 3.085548 10.19631 -0.01999986 -16.35866 16.53386 -0.01999986 -15.84549 16.63593 0.0200001 -14.40504 2.06462 0.01999998 -14.85785 2.367176 -0.01999992 -6.185003 0.5951008 0.0200001 -17.4573 13.55405 0 10.89562 12.88916 0.0199992 -18.4968 15.10519 -0.01999992 -13.73016 14.51654 0.0200001 -17.39844 9.808532 0.0200001 -14.40504 2.06462 -0.01999992 -7.796557 1.076691 0 10.83852 12.69147 -0.02000075 10.83992 12.67015 0.01999902 -8.46177 1.272164 0 -16.64032 14.38642 -0.01999986 2.207349 4.974633 -0.01999986 2.676614 5.206049 -0.01999986 -12.40504 15.72488 -0.01999992 -9.149909 -0.1700856 -0.01999998 -1.474262 14.73264 -0.02000075 -16.68967 7.361174 0.02000004 -14.48541 17.03523 -0.0199998 -13.66177 16.8714 -0.01999986 10.94485 12.82502 0.0199992 -15.80506 16.32885 0.0200001 -15.32339 16.36042 1.88127e-7 -15.32339 16.36042 0.0200001 -18.25107 14.91664 0 -16.6917 13.46015 0.0200001 -16.57688 13.63199 -0.01999986 -18.14055 7.700926 0.02000004 9.11166 1.496738 -0.01999992 9.505043 1.841724 -0.01999992 -0.9726479 4.688479 0.0200001 -13.81274 16.30797 -0.01999986 -15.4968 3.235103 0.02000004 -14.55699 0.2777464 -0.02000004 -15.24173 0.6154225 0.01999992 8.207348 0.9746339 -0.01999986 8.676615 1.20605 -0.01999986 6.676615 0.3604219 1.86265e-7 -15.88329 14.75974 -0.0199998 -6.687043 -0.7954073 0.0200001 -1.344701 12.50824 -0.02000075 4.090828 10.08436 0.0200001 3.894136 10.25686 -0.01999986 -2.876539 4.039589 -0.01999992 -15.80506 16.32885 1.65775e-7 -11.41514 15.76348 0.01999998 -1.452943 12.57074 -0.02000075 -16.88987 12.87638 -0.01999986 9.133443 -1.261154 0.02000004 4.608467 9.187789 0.0200001 4.256614 8.67015 -0.01999992 -1.363816 14.97723 0.0199992 -0.1065436 2.721481 -0.0199998 3.776985 6.880151 -0.01999992 -18.20752 12.16138 1.63913e-7 -18.43925 12.16138 1.65775e-7 -18.49925 11.46392 1.3411e-7 -18.49925 11.39905 1.30385e-7 -18.14752 11.39905 1.32248e-7 -18.14752 11.46392 1.35973e-7 -1.94973 17.00769 0.01999908 2.676614 10.83346 -0.0298022 -1.464812 12.5885 -0.02000075 9.676615 -0.5259999 -0.01999992 -3.255237 12.15251 -0.02000075 -17.48669 12.67015 -0.01999986 -14.75843 2.496734 -0.01999992 -5.323385 0.3604208 1.88127e-7 -19.01366 12.67015 0 -12.32339 -0.3298523 -0.02000004 -15.73232 14.19631 -0.0199998 5.36734 12.17677 -0.01999992 0.2093303 5.120779 -0.0199998 -0.1613637 2.305075 0.0200001 2.676614 12.36042 -0.009713351 -9.323387 -0.02011954 0.01999998 7.514593 -1.694924 0.0200001 8.676612 16.50685 -0.02000093 -12.32339 2.090148 -0.01999992 -2.168931 0.222525 1.37836e-7 -1.551474 0.156783 0 -2.168931 0.156783 1.37836e-7 -2.168931 -0.126211 1.37836e-7 -2.168931 -0.191953 1.37836e-7 -0.168931 -0.1262109 0 -0.168931 -0.1919529 0 -0.168931 0.2225251 0 0.4485264 0.1567831 0 -0.168931 0.1567831 0 -1.168931 -0.467745 0 -0.5514736 -0.533487 0 -1.168931 -0.533487 0 -1.168931 -0.8164809 0 -1.168931 -0.8822229 0 -17.75843 15.84356 -0.01999992 -19.32339 12.67015 -0.01999998 9.850029 2.235106 -0.01999992 -13.85412 1.97463 -0.01999992 -2.975953 3.91003 -0.01999992 11.87277 1.670152 -0.02000004 4.136344 9.274791 -0.0199998 11.76994 0.7619042 -0.02000004 4.368074 12.7537 -0.01999998 -19.18709 13.70543 -0.01999998 -18.68846 4.832171 0.0200001 -2.370825 5.622711 0 2.676614 12.67015 -0.02975559 2.855981 5.829947 -0.01999986 5.872766 5.670152 -0.02000004 -3.347014 4.646523 0.01999998 6.480485 9.170942 0.0200001 -16.11338 14.03847 -0.0199998 -19.40693 14.36161 -0.01999998 10.64239 4.148048 -0.01999998 4.329183 3.910031 -0.01999992 3.71189 12.53385 -0.01999998 -5.496863 -1.016577 0.0200001 -15.87276 5.202865 -0.0199998 10.81804 12.7518 -0.02000075 10.98369 12.71058 0.0199992 10.83494 12.82848 0.0199992 10.83462 12.82816 0.0199992 4.966585 8.971632 0.0200001 -17.25524 13.18779 -0.01999986 12.4976 12.90989 0.0199992 13.01415 13.2965 0.01999908 12.60847 13.18779 -0.02000075 0.1545103 4.704371 0.0200001 -17.0546 8.515415 0 10.32918 -0.08996796 -0.01999992 -17.86667 3.374049 -0.0199995 -15.32339 0.4739964 -0.02000004 9.194252 16.60201 -0.02000075 7.198719 0.7043719 0.0200001 5.850028 11.1052 -0.01999992 -1.563123 16.49113 0.0199992 -12.86656 16.60146 0.02000004 12.47217 3.117238 -0.02000004 9.11166 1.496738 0.02000004 -1.758432 5.496737 0.02000004 -7.010837 -0.8171853 -0.01999986 7.04169 7.832174 -0.02000004 4.642395 8.148049 -0.01999998 6.676614 8.67015 -0.02000004 -14.80128 14.63593 0.0200001 3.194252 10.602 -0.01999986 10.37213 3.139418 -0.01999992 -3.660928 15.29649 -0.02000087 8.22953 -1.125402 -0.01999986 -18.16008 5.670149 -0.0199998 -15.84102 14.602 0.0200001 4.676614 12.13425 -0.01999992 -8.46177 -0.2547996 -0.01999992 8.855981 1.829948 -0.01999986 -18.43515 8.515416 0.02000004 -5.323385 0.5068449 0.0200001 6.760162 10.36161 0.0200001 -14.48541 17.03523 0.0200001 10.25661 4.670152 -0.01999992 1.514593 2.305075 0.0200001 3.25354 13.05234 -0.01999998 -13.16137 -0.6949279 -0.02000004 -8.804107 -0.1983876 -0.01999992 -18.01411 16.17677 0.02000004 -18.27206 4.886991 -0.0199995 -16.7376 14.08436 -0.01999986 -13.14402 13.51035 -0.01999986 -19.70557 13.24707 -0.01999998 4.372133 7.139417 -0.01999992 -3.660925 12.04381 0.01999908 -18.58157 8.515416 -0.01999986 3.850029 6.235105 -0.01999992 -2.323385 10.9381 -0.02000081 -3.168931 -0.816481 1.80677e-7 -3.168931 -0.882223 1.80677e-7 -3.168931 -0.467745 1.80677e-7 -2.551474 -0.5334871 1.546e-7 -3.168931 -0.5334871 1.80677e-7 -3.034586 16.38135 -0.02000081 -16.85412 16.36567 -0.01999986 -5.496863 -1.163001 -0.0199998 2.972714 3.126873 -0.01999986 10.13463 3.74358 -0.01999992 1.143899 5.120779 -0.0199998 -3.450551 4.542985 -0.01999998 1.198719 4.704371 0.0200001 -16.23163 0.576821 -0.02000004 -2.323388 16.4022 -0.02000081 2.229528 2.874597 -0.01999986 9.776987 2.880152 -0.01999992 13.04169 3.832174 -0.02000004 -16.28917 5.148045 0.0200001 2.04662 5.362663 -0.01999986 12.67661 4.670152 -0.02000004 5.769943 4.761904 -0.02000004 -13.02729 16.21343 -0.01999986 -1.949727 10.33261 -0.02000087 -14.11339 2.569778 -0.01999992 4.134628 7.74358 -0.01999992 -0.693392 5.362663 -0.01999986 -13.24996 2.212134 -0.01999992 -11.67082 15.43027 -0.01999992 7.143898 1.12078 -0.0199998 -15.63087 4.300143 -0.01999986 -18.83001 15.36087 -0.01999992 6.642395 9.192255 -0.0199998 6.372133 10.20088 -0.01999986 -13.95338 13.97764 -0.01999986 -13.8763 -0.125406 -0.02000004 -7.796557 -0.4502735 -0.01999992 -3.055438 15.67015 -0.02000081 -17.08351 2.017581 -0.01999992 3.466614 10.03847 -0.01999986 4.167844 15.55429 -8.06525e-7 4.167844 15.78601 -8.06525e-7 3.47038 15.84602 -8.36328e-7 3.405512 15.84602 -8.40053e-7 3.405512 15.49429 -8.40053e-7 3.47038 15.49429 -8.36328e-7 11.85248 7.876384 1.35973e-7 11.85248 7.941252 1.32248e-7 11.50075 7.941252 1.30385e-7 11.50075 7.876384 1.3411e-7 11.56075 7.178921 1.65775e-7 11.79248 7.178921 1.63913e-7 -15.16359 3.490782 -0.01999986 -13.98501 -0.5310958 -0.02000004 -12.84549 1.704368 -0.01999998 -14.8561 14.21952 -0.0199998 -3.034583 10.95895 -0.02000081 -16.40504 14.54363 -0.01999986 8.046623 1.362664 -0.01999986 -1.502752 5.829947 -0.01999986 -1.619485 3.126873 -0.01999986 -16.90339 12.67015 -0.01999986 6.472169 7.117238 -0.02000004 -15.84549 16.63593 -0.0199998 -18.78749 14.67015 -0.01999992 -16.6917 13.46015 -0.01999986 4.090828 10.08436 -0.01999986</float_array>
          <technique_common>
            <accessor source="#ID9_021_001-mesh-positions-array" count="2041" stride="3">
              <param name="X" type="float"/>
              <param name="Y" type="float"/>
              <param name="Z" type="float"/>
            </accessor>
          </technique_common>
        </source>
        <source id="ID9_021_001-mesh-normals">
          <float_array id="ID9_021_001-mesh-normals-array" count="6192">0.002450346 -4.20866e-7 0.9999971 0.4422879 -0.8968731 0 1.80208e-6 1 -2.38697e-4 7.99695e-7 -1 0 -1 -2.51698e-7 0 -0.9649882 -0.2622935 0 0.7518389 0.6593469 0 0 0 1 0.1950893 -0.9807855 0 -0.4423385 -0.8968482 0 0.9978588 0.06540542 0 -1.23652e-7 2.11191e-7 1 -0.9978589 0.06540447 0 0.6594365 0.7517603 0 -0.8314158 0.5556508 0 -0.6593404 -0.7518446 0 -0.4524772 -0.891776 0 -0.6593761 -0.7518132 0 0.7518412 -0.6593443 0 0.3014631 0.9534779 0 -0.065418 -0.9978581 0 -1 1.28472e-7 0 0.6593428 -0.7518426 0 -0.9807835 -0.1950998 0 0 0 1 -0.1950008 0.9808031 0 0 0 1 0.1950929 0.9807848 0 1 2.50934e-6 0 0.9469347 -0.3214262 0 -0.44229 0.8968722 0 -0.8314691 0.555571 0 0.831479 -0.5555563 0 -0.9257115 -0.3782306 0 0.3782384 0.9257083 0 0.9807701 -0.1951669 0 -0.9997908 -0.02045601 0 0.9898035 0.1424396 0 -0.9831691 -0.1826984 0 -0.8968695 0.4422953 0 -0.1952273 -0.9807581 0 0.7126682 0.7015013 0 -0.6593464 0.7518394 0 -0.1950917 0.980785 0 -0.9997915 -0.02042168 0 0 0 1 0.6593636 0.7518243 -4.08648e-4 0.1950913 -0.9807851 0 0.1950929 0.9807848 0 -0.4524806 -0.8917744 0 -0.3782303 -0.9257116 0 0.321438 0.9469307 0 0.9534776 0.3014641 0 -0.3214375 0.9469308 0 -0.9807838 0.1950981 0 -0.0654118 -0.9978584 0 0.5555692 0.8314704 0 0.994796 0.1018871 0 0.3401309 0.9403782 0 0.8968703 -0.4422939 0 0.9978641 -0.06532549 0 0.896884 0.4422658 0 0.4422823 0.8968759 0 -0.4422913 0.8968715 0 -0.3214372 -0.9469309 0 0.994796 0.1018874 0 -0.3014602 -0.9534788 0 0.3214402 -0.94693 0 0.9898088 0.1424033 0 0.4524773 0.891776 0 -0.02041316 -0.9997917 0 0.9649927 0.2622773 0 -0.06540352 0.997859 0 0.6593449 0.7518407 0 -0.1018943 -0.9947953 0 -0.9534772 -0.3014657 0 -0.9469302 0.3214392 0 0.9469307 0.3214377 0 -0.6593491 -0.751837 0 0.8314595 0.5555855 0 -0.1827054 -0.9831678 0 0.1950917 -0.980785 0 0.2226902 0.9748893 0 0.1424109 0.9898077 0 0.6593431 -0.7518423 0 -0.1950918 -0.9807851 0 0.9997904 0.02047461 0 -0.442286 -0.8968741 0 -0.7518295 0.6593576 0 -1.03315e-6 1 0 -0.9807853 0.1950905 0 0.2622942 0.9649881 0 0.442299 0.8968677 0 0.7518445 -0.6593406 0 -0.9978598 0.06539052 0 0.06120389 0.9981253 0 -0.9947943 -0.101904 0 -0.9981247 -0.06121385 0 0.6593461 -0.7518396 0 0.9978595 -0.06539517 0 -0.7518474 -0.6593373 0 0.4156986 0.9095025 0 0.9978584 -0.06541293 0 0.997859 -0.06540417 0 0.9403676 0.3401599 0 -0.5555742 -0.8314669 0 0 -1 1.21427e-4 -0.1950902 -0.9807853 0 1 3.62091e-7 0 0.8968672 0.4422999 0 -0.2226783 -0.974892 0 0.8968665 -0.4423015 0 -0.3214402 -0.9469299 0 -0.9469286 -0.3214443 0 0.4422872 -0.8968735 0 0.06541097 0.9978584 0 -0.4422965 -0.896869 0 0.06540566 0.9978588 0 0.3214213 -0.9469364 0 -0.6593443 0.7518413 0 0.1950906 0.9807853 0 0.5555696 0.8314701 0 -0.9997922 -0.02038758 0 -0.2622833 -0.964991 0 -0.4422942 -0.8968701 0 0.4156993 0.9095022 0 0.2226732 0.9748932 0 -0.3014453 -0.9534835 0 0.1950907 0.9807853 0 -0.9978625 0.0653485 0 0 0 1 -0.1950901 -0.9807854 0 -0.06540054 -0.9978591 0 -0.1950926 0.9807848 0 -0.9095063 -0.4156901 0 -0.5555788 0.8314639 0 -0.9649935 -0.2622738 0 0.02041286 0.9997917 0 0.1950903 -0.9807853 0 0.06540137 0.9978591 0 0 0 1 0.8968712 -0.442292 0 -0.7518413 -0.6593441 0 0.06538414 0.9978602 0 0 1 0 -0.9978589 -0.06540513 0 0.8314674 -0.5555737 0 -1 -3.86734e-7 0 1 0 0 0.9831691 0.1826984 0 0 0 1 -0.5555579 -0.8314779 0 0.6593449 -0.7518407 0 0.9469318 -0.3214344 0 -0.8314668 -0.5555745 0 0.9898015 0.1424536 0 0 -1.97739e-7 1 -0.9649887 -0.2622919 0 0.896865 -0.4423046 0 1 -2.29471e-6 0 -0.6593453 0.7518404 0 -0.1950852 0.9807863 0 0.6593405 -0.7518446 0 0 -1 0 -0.9094943 -0.4157165 0 0.9469294 0.3214417 0 0.7518543 -0.6593294 0 -0.659345 -0.7518406 0 -0.9997918 -0.02040487 0 -0.9534912 -0.3014212 0 0.8314687 -0.5555718 0 0 0 1 0.9534825 0.3014487 0 -0.8314681 0.5555728 0 -0.3214387 -0.9469304 0 0.6593475 0.7518383 0 0.7518429 0.6593424 0 -0.8314651 0.555577 0 0.6593468 0.7518391 0 6.75519e-7 -1 0 -0.946931 -0.3214369 0 0.8314663 -0.5555752 0 -0.98079 -0.1950666 0 -0.5554304 -0.8315631 0 1.3166e-7 0 1 0.1951822 0.9807671 0 0.9469301 -0.3214399 0 0.3214334 0.9469323 0 0.5555717 0.8314686 0 0.946926 -0.3214519 0 0.06553912 -0.9978501 0 0 0 1 -0.1019051 -0.9947942 0 -0.4422891 0.8968726 0 -0.6593456 -0.7518401 0 0.8314694 -0.5555706 0 -1 0 0 0.9978578 -0.06542092 0 -0.555571 0.8314691 0 -0.32144 -0.9469299 0 -0.1018941 -0.9947953 0 0.9997918 0.02040475 0 -0.6593473 0.7518386 0 0.8314648 0.5555774 0 -0.06540256 -0.9978591 0 0.9947943 0.101904 0 -0.6593474 0.7518385 0 -0.9978586 0.06540971 0 0.3214386 0.9469305 0 -0.8314704 0.5555691 0 0.7518461 -0.6593386 0 0.6593474 -0.7518385 0 0 0 1 0.4422897 0.8968724 0 0.4423015 -0.8968665 0 -0.4422724 -0.8968808 0 0.9948012 0.101837 0 0.9469292 0.3214423 0 -0.659348 0.751838 0 -0.8968678 -0.442299 0 -0.1952518 -0.9807533 0 -0.9469285 0.3214444 0 -0.7518358 -0.6593504 0 -0.9469305 0.3214384 0 0.9094933 0.4157186 0 0.5555691 -0.8314705 0 0.7518405 -0.659345 0 0.9978591 -0.06540036 0 -0.6593471 0.7518388 0 0.0654003 0.9978592 -2.3781e-4 -0.9807844 -0.1950947 0 -0.06540352 0.9978589 0 0.9807844 -0.1950952 0 -0.9807843 -0.1950954 2.32178e-4 -0.3214311 -0.946933 0 -0.4422841 -0.896875 0 -0.6593387 -0.7518462 0 0.3214396 -0.9469301 0 -0.896878 -0.442278 0 0.9807853 0.1950905 0 0.1019059 0.9947941 0 -0.8315052 -0.5555172 0 -0.831467 -0.5555742 0 0.9807838 0.1950979 0 0.7518551 0.6593284 0 -0.4422912 -0.8968716 0 -0.896776 -0.442485 0 -0.06540077 -0.9978591 0 0 0 1 -0.9898063 -0.1424208 0 -0.06540161 0.9978591 0 -0.9807806 -0.1951143 0 -0.9807848 0.1950925 0 0.9807514 0.1952609 0 -0.7518386 -0.6593474 0 -0.8314884 -0.5555422 0 -0.8314625 0.5555809 0 -0.06120425 -0.9981253 0 0 0 1 0 0 1 -0.5555713 -0.8314689 0 -0.8968726 -0.4422891 0 0.9469334 0.3214302 0 -0.2226784 -0.974892 0 -0.5555639 -0.8314739 0 -0.9469226 -0.3214618 0 0 0 1 -0.3214381 0.9469306 0 -0.9094929 -0.4157197 0 0.3214429 0.946929 0 0.195011 0.9808011 0 -0.7070202 -0.7071934 0 -0.1951068 -0.9807821 0 0.9257147 0.3782228 0 1 7.4506e-7 0 0.3014605 0.9534787 0 -0.9978588 0.06540489 0 -0.7519329 -0.6592398 0 -0.6593475 0.7518383 0 0.5555844 0.8314602 0 0.707023 0.7071906 0 0.9403897 0.3400992 0 -0.9469318 0.3214349 0 -0.5555629 0.8314746 0 0.06540179 0.9978591 0 0.4422799 0.8968771 0 -0.4422868 -0.8968738 0 0.6593469 0.751839 0 -0.7070221 -0.7071915 0 -0.32144 -0.9469301 0 -0.5554071 0.8315786 0 0.8968694 0.4422957 0 -0.1950938 -0.9807846 0 -0.06540149 -0.9978591 0 0.9469329 0.3214316 0 0.5555766 0.8314654 0 -0.9469296 -0.3214412 0 0.9808021 0.1950062 0 0.9257123 0.3782286 0 0.06540518 0.9978588 0 -0.195068 -0.9807898 0 -0.3214621 -0.9469225 0 0 0 1 0.1950902 -0.9807853 0 -0.712668 -0.7015012 7.19284e-4 0 0 1 0.9807795 0.1951198 0 -0.3214439 0.9469287 0 -0.7518396 -0.659346 0 0.8917793 0.4524708 0 0.9257122 0.3782286 0 0.5556167 -0.8314386 0 -0.2622925 -0.9649885 0 -3.74778e-7 1.80426e-7 1 -0.9469299 0.3214403 0 0.7518378 -0.6593482 0 -0.8968791 0.442276 0 -0.9978589 0.06540459 0 -0.1950899 -0.9807854 0 0.9649931 0.2622752 0 0.002450287 0 0.999997 -0.415701 -0.9095014 0 0.9997907 0.02045637 0 -0.1950893 -0.9807855 0 0.6595104 -0.7516956 0 -0.946951 0.321378 0 0.5552852 0.83166 0 0.9469313 0.3214361 0 -0.9831627 -0.1827324 0 0.8968894 -0.4422551 0 0.9807847 0.1950936 0 -8.36948e-7 1 0 0.5555852 0.8314597 0 -0.06539148 0.9978597 0 0.983169 0.1826992 0 -0.5555701 0.8314698 0 0.9469627 0.3213435 0 -0.9257055 -0.3782452 0 -0.9947953 -0.1018939 0 0.7518323 -0.6593545 0 0.4422504 0.8968917 0 -0.4156978 -0.9095029 0 0.7518411 0.6593444 0 0.8314657 0.5555761 0 -0.9748985 -0.2226501 0 -0.9807799 0.1951175 0 0.5555797 0.8314633 0 -0.8968681 0.4422981 0 0 0 1 0.3214392 0.9469304 0 0 -1 0 -0.4422965 0.896869 0 -0.9947908 -0.1019385 0 -0.3782311 -0.9257113 0 0.9978589 -0.06540369 0 0 0 1 -0.9403793 -0.3401278 0 -0.5555697 -0.83147 0 0.9978592 -0.06539928 0 0.9997916 0.02041745 0 -0.997859 0.06540417 0 0.1424205 0.9898063 0 0.1950976 0.9807839 0 0.1950901 -0.9807854 0 -0.1950828 0.9807869 0 0 0 1 -0.896875 -0.4422843 0 -0.8968777 -0.4422789 0 0.9807865 0.1950846 0 -0.9898098 -0.1423958 0 0.751844 0.6593412 0 0.9469316 -0.3214355 0 -0.896873 0.4422883 0 -0.06120502 -0.9981253 0 0.7518385 0.6593474 0 0.1950961 0.9807841 0 -0.9978603 -0.0653817 0 0.9469277 -0.3214467 0 -0.06540709 -0.9978587 0 1 -1.3606e-6 0 0 0 1 -0.9807857 0.1950886 0 0.9898083 0.1424061 0 0.1018939 0.9947954 0 -0.4422801 0.8968771 0 1.37601e-7 0 1 -0.1950924 0.9807849 0 0.7518416 -0.659344 0 -0.9978597 -0.06539332 0 0.3214402 -0.9469299 0 0.9534722 0.3014813 0 0.1424193 0.9898065 0 -0.9978587 -0.06540715 2.38781e-4 -2.23115e-7 -1.21937e-7 1 -0.8968788 0.4422765 0 -0.7518494 -0.6593351 0 0.5555711 -0.831469 0 -0.5555717 -0.8314687 0 -0.222687 -0.97489 0 -0.8968722 0.4422899 0 -0.6593449 -0.7518407 0 -0.6593438 0.7518416 0 -0.7518432 -0.659342 0 0.2622888 0.9649894 0 -0.9534721 -0.3014813 0 -0.946928 -0.3214459 0 -0.8917648 -0.4524993 0 -0.06543344 0.997857 0 0.4423105 0.896862 0 0.9469294 -0.3214418 0 -0.7518412 0.6593443 0 -0.195091 0.9807852 0 0.4422878 -0.8968732 0 -0.4422881 -0.8968732 0 0.3214408 -0.9469298 0 -0.9978588 0.06540453 0 0.9257263 0.3781943 0 0.0654056 0.9978588 0 0.3401195 0.9403823 0 -0.8314724 0.5555661 0 0.8968724 -0.4422897 0 0.8968718 -0.4422909 0 0.9978592 -0.06539952 0 0 0 1 0 0 1 0.4422888 -0.8968727 0 1.31659e-7 0 1 0.9469304 0.3214389 0 0 0 1 -0.1950852 -0.9807863 0 0.9978575 0.06542676 0 0.06538689 0.9978601 0 -0.06540137 0.9978591 0 0.1950901 -0.9807854 0 0.8314633 0.5555797 0 0.195096 0.9807842 0 0.06539726 0.9978594 0 -0.06540334 -0.997859 0 -0.6593437 -0.7518417 0 -0.1424216 -0.9898062 0 0.9094809 0.415746 0 -0.974891 -0.222683 0 -0.195099 0.9807837 0 -0.1019051 -0.9947941 0 0.555576 0.8314658 0 0.8968747 0.4422847 0 0.6593571 0.7518299 0 -0.6593389 0.751846 0 0.6593423 0.751843 0 0.9807838 0.1950976 -2.31635e-4 0.8314687 -0.5555719 0 0.9978587 0.06540709 0 0.5555702 0.8314697 0 -0.831466 -0.5555758 0 -0.7518438 0.6593413 0 -0.6593394 -0.7518454 0 0.8314617 -0.5555821 0 -0.3214096 -0.9469403 0 0.442293 -0.8968706 0 0.5555715 -0.8314689 0 -0.1950876 -0.9807859 0 -0.06538987 -0.9978598 0 -1 -1.77395e-6 0 -0.9978584 0.06541323 0 -0.9978591 -0.0654006 0 0.6593403 0.7518448 0 0.3214442 0.9469286 0 0.9978595 0.06539589 0 -0.1950923 -0.980785 0 0.9469298 -0.3214406 0 -0.9534775 -0.3014642 0 -0.9469305 -0.3214386 0 -0.896874 -0.4422863 0 -0.3211319 -0.9470345 0 0 0 1 -0.909493 -0.4157191 0 -0.9257138 -0.3782247 0 0.8314711 -0.555568 0 0.7518419 -0.6593436 0 0 0 1 0.8968755 0.4422834 0 2.03864e-7 0 1 0.5555611 0.8314758 0 0.8968694 0.4422957 0 0.4423904 0.8968226 0 0 0 1 -0.997859 -0.06540262 0 0 0 1 0.8314636 0.5555793 0 0.195131 0.9807772 0 0.7518681 0.6593137 0 0.2226761 0.9748926 0 -0.3401307 -0.9403782 0 -0.3214212 0.9469364 0 -0.02041399 -0.9997917 0 0.4422881 0.896873 0 -0.06540083 -0.9978591 0 -0.7518387 0.6593471 0 0 -1.80812e-7 1 -0.06541436 -0.9978583 0 -0.8314696 0.5555702 0 -0.5555838 0.8314607 0 0.06120479 0.9981253 0 0.32144 -0.9469301 0 -0.7518414 0.659344 0 -0.8314652 0.5555769 0 -0.9947959 -0.1018879 0 -0.7518446 0.6593405 0 0.8917812 0.452467 0 0.4422914 -0.8968715 0 0.4422873 -0.8968734 0 0.1827052 0.9831678 0 1.28829e-7 0 1 -1 -6.26528e-7 0 0.06540459 0.9978588 0 -0.659449 -0.7517493 0 -0.751842 0.6593434 0 0 1 0 -0.9807851 0.1950914 0 0.4422934 0.8968704 0 -0.896875 -0.4422841 0 0.980785 -0.195092 0 0.1951131 0.9807808 0 -0.4422606 -0.8968866 0 -0.02041369 -0.9997917 0 0 0 1 -0.44229 0.8968722 0 0 1.27059e-7 1 0.6593443 0.7518413 0 0.9807845 -0.1950939 0 -0.0204128 -0.9997917 0 -0.5555581 -0.8314778 0 -0.94693 0.3214399 0 0.9807854 0.1950899 0 0.5555704 -0.8314696 0 0.9981257 0.06119638 0 0.4422868 -0.8968737 0 0.6593451 -0.7518405 0 0.7070234 0.7071902 0 -0.9469335 -0.3214294 0 0.9978597 -0.06539082 0 -0.7126683 -0.7015013 0 0.9978591 0.06540155 0 0.1950932 0.9807847 0 0.3401204 0.9403819 0 0 0 1 0.1950678 -0.9807898 0 0.4422909 0.8968717 0 0.3213618 0.9469565 0 -0.4156991 -0.9095023 0 -0.4422872 -0.8968735 0 0.19509 -0.9807854 0 0.06540256 -0.9978591 0 0.9469273 -0.3214481 0 0.9978595 -0.06539523 0 -0.6593456 0.75184 0 0.4422898 -0.8968722 0 0.9403734 0.3401438 0 0.8314277 -0.555633 0 0.4157003 0.9095017 0 1 2.98025e-6 0 -0.5555768 -0.8314653 0 0.9807851 0.1950919 0 0.8968673 0.4422997 0 0.4422948 -0.8968698 0 -0.9469276 0.3214474 0 0 0 1 -0.1950929 0.9807848 0 0.1424278 0.9898052 0 -0.8314701 0.5555697 0 1 4.05941e-7 0 -0.06540882 -0.9978586 0 0.6593517 -0.7518347 0 0.9978593 -0.06539821 0 -0.8968338 -0.4423679 0 0 0 1 -0.1424201 -0.9898063 0 0.5555605 0.8314762 0 -0.9807857 -0.1950882 0 0.9469311 -0.321437 0 0.2226784 0.974892 0 -0.1827047 -0.983168 0 -0.06540316 -0.997859 0 0.8968723 0.4422897 0 -0.9978592 0.06540071 0 0 0 1 -0.4422855 0.8968743 0 0.3214364 -0.9469313 0 0.7518422 -0.6593433 0 -0.03702503 0.004874289 0.9993025 0.001522302 0.02322119 0.9997292 0 0 1 0.9534916 0.3014196 0 -0.9469351 -0.321425 0 0.9469311 0.3214366 0 0.5555683 0.8314709 0 -0.4422855 0.8968744 0 0.3214435 0.9469288 0 -0.142422 -0.9898061 0 -0.2622802 -0.9649918 0 -0.6593436 -0.7518419 0 0.3215988 0.9468761 0 0.06540316 0.997859 0 -0.9978592 0.06540018 0 -0.3214392 -0.9469302 0 -0.8968709 -0.4422924 0 -0.3214398 0.9469301 0 0.8314663 -0.5555753 0 -0.6594456 0.7517523 0 0.8314695 -0.5555706 -2.61281e-5 -0.9978589 -0.06540381 0 0.02041286 0.9997916 0 -0.9403737 -0.340143 0 -0.4422951 -0.8968695 0 -0.3214531 -0.9469256 0 0.5555707 -0.8314694 0 -0.9807861 -0.1950867 0 -0.1951026 -0.9807829 0 0.6593456 -0.7518401 0 -0.946929 0.3214427 0 -0.03221881 0.004241824 0.9994719 -0.03469371 0 0.9993981 -0.9403927 -0.3400905 0 -0.3214425 -0.9469292 0 0.1952251 -0.9807586 0 -0.6593466 -0.7518392 0 -0.8314721 -0.5555667 0 0.3782286 0.9257124 0 0.5555772 0.8314651 0 -0.8968741 0.442286 0 0.1950914 0.9807851 0 0 -1.41916e-7 1 -0.3214306 0.9469332 0 0.9469379 0.3214168 0 0.3401326 0.9403776 0 -0.32144 -0.94693 0 0 0 1 -0.9807839 -0.1950976 0 0.9831691 0.1826978 0 0.9978574 0.0654276 0 0.3214496 0.9469267 0 -0.3214383 0.9469307 0 0.4156982 0.9095026 0 -0.8968695 -0.4422953 0 0.06540095 -0.9978591 0 -0.1826938 -0.9831699 0 -0.9978586 0.06540912 0 0.9469333 -0.3214302 0 -0.9469302 0.3214393 0 0.9978592 -0.06539928 0 0.4422861 0.8968741 0 0.3214416 0.9469294 0 -0.6593484 -0.7518376 0 0.06120431 0.9981253 0 -0.1950888 0.9807857 0 -0.9469538 -0.3213698 0 0 0 1 -0.0194025 0.002554714 0.9998085 -0.02034598 0 0.999793 -0.9469432 0.321401 0 0 0 1 0.8968788 0.4422765 0 1.37601e-7 0 1 -0.9981257 -0.06119638 0 0.1827039 0.983168 0 -0.3214402 -0.9469299 0 -0.6593436 -0.7518418 0 -0.8314698 0.5555701 0 0.6593307 0.7518531 0 0.9807832 0.1951003 -4.64458e-4 0.1019054 0.9947941 0 -0.5555686 -0.8314707 0 -0.9981247 -0.06121385 0 -0.9257271 -0.3781924 0 -0.1827067 -0.9831675 0 -0.891779 -0.4524714 0 -0.55557 0.8314698 0 -0.06120479 -0.9981253 0 -1.5374e-7 0 1 0.712668 0.7015016 0 0.06540089 -0.9978591 0 -0.3214344 -0.9469318 0 0.659345 0.7518406 0 0.9748912 0.2226821 0 -0.831467 0.5555741 0 -0.9807837 0.1950984 0 0.9807902 -0.1950656 0 -0.9807856 -0.1950892 0 -0.9807865 0.1950846 0 -0.4157012 -0.9095013 0 -0.9831721 -0.1826816 0 -0.8968733 -0.4422876 0 -1 0 0 0.1950841 0.9807866 0 -0.7518419 -0.6593435 0 -0.9807517 -0.1952593 0 -0.7518373 0.6593487 0 -0.9981252 -0.06120544 0 -0.9898083 -0.1424061 0 -0.831472 0.5555669 0 0.8968748 -0.4422845 0 -0.3216071 0.9468733 0 0.9981258 0.06119674 0 -0.4422955 -0.8968694 0 0 0 1 0.1827067 0.9831675 0 -0.8314666 0.5555749 0 -0.6593447 -0.7518408 0 0.3214363 0.9469313 0 -0.3782403 -0.9257075 0 0.9807865 -0.1950846 0 -0.9807855 0.1950894 0 1 -7.64894e-7 0 -0.8968715 -0.4422913 0 -0.9403734 -0.3401438 0 -0.1424078 -0.9898082 0 -0.3014625 -0.9534781 0 -0.2622937 -0.9649881 0 -0.3014627 -0.953478 0 -0.9469313 -0.3214365 0 -0.9470264 -0.3211559 0 -0.06539356 -0.9978595 0 -0.4423075 0.8968635 0 0.3782216 0.9257151 0 -1 4.47033e-6 0 0.8314657 -0.555576 0 0.8314754 0.5555617 0 -0.5555788 -0.8314639 0 -0.974891 -0.2226828 0 0.75184 0.6593458 0 -0.1950934 0.9807847 0 0.9469386 0.3214145 0 0.9807851 -0.1950914 0 0.4419988 -0.8970157 0 0.9981247 0.06121385 0 -0.9898064 -0.1424193 0 0.5555879 -0.8314579 0 0.9649886 0.262292 0 1 0 0 0.9978591 -0.06540036 0 -0.06552273 -0.9978511 0 -0.3401191 -0.9403824 0 0.7518342 0.6593524 0 -0.5555666 -0.8314722 0 0.2622933 0.9649883 0 -0.7518417 -0.6593437 0 0.06120496 0.9981253 0 -0.3401224 -0.9403812 0 0.06540787 -0.9978587 0 0.8968737 0.4422867 0 0.974891 0.2226828 0 0.02041298 0.9997917 0 -1 1.07159e-6 0 0.02041351 0.9997917 0 -0.3401298 -0.9403785 0 -0.4422934 0.8968704 0 0.3782269 0.925713 0 -0.99786 0.06538832 0 -0.0654146 0.9978582 0 -0.9978591 0.06540077 0 0 0 1 -0.7518427 0.6593426 0 0.6593433 -0.7518422 0 1 0 0 -0.4422891 0.8968726 0 0.974891 0.222683 0 0 0 1 0.7518441 0.6593409 0 -1 4.77076e-7 0 -0.3214399 -0.94693 0 0.3214364 -0.9469313 0 -0.06540262 -0.997859 0 1.69885e-7 0 1 -0.9978588 0.06540477 0 -0.1950933 -0.9807847 0 0.06540197 0.9978591 0 -0.4422835 0.8968753 0 0.5555665 0.8314721 0 0.9095008 0.4157024 0 -0.5556691 -0.8314036 0 -0.6593517 -0.7518347 0 0.4422783 0.896878 0 -0.5555564 -0.831479 0 -0.5555711 -0.8314691 0 0.1950821 0.980787 0 0.4422709 -0.8968816 0 -0.195087 -0.980786 0 -0.4422986 0.8968679 0 -0.4422873 -0.8968734 0 -0.8968719 -0.4422904 0 0.3214401 -0.94693 0 -0.3214529 0.9469255 0 0.06540346 0.9978589 0 -0.4422862 0.896874 0 0.9978592 0.06539905 0 0.659345 0.7518406 0 -0.7518385 -0.6593473 0 -0.5555685 0.8314709 0 0.9748947 0.2226664 0 0.8314691 0.555571 0 0.1018879 0.994796 0 -0.6591888 -0.7519775 0 0.32144 0.94693 0 -0.9748875 -0.2226985 0 0.9469299 -0.3214403 0 0.6593459 0.7518398 0 0.1950913 0.9807851 0 -0.1950911 0.9807852 0 1.69883e-7 0 1 -0.9469302 0.3214396 0 0.9807855 -0.1950893 0 0.195093 0.9807848 0 0.6593445 -0.751841 0 0.4524811 0.8917741 0 0.06540387 0.9978589 0 -0.8314864 -0.5555453 0 -0.9649934 -0.2622745 0 0.4422858 0.8968741 0 -0.5555769 -0.8314653 0 -0.9807862 -0.1950861 0 -0.6593348 0.7518495 0 0.30146 0.9534788 0 -0.4422881 0.8968731 0 0.06541383 -0.9978583 0 0.9981247 0.06121385 0 0.9807812 -0.195111 0 -0.06540375 0.997859 0 0.06540155 0.9978591 0 -0.5555735 -0.8314675 0 -0.8314709 -0.5555684 0 0.4422897 0.8968723 0 0.8968693 0.4422957 0 -0.1950988 -0.9807837 0 0.8968723 0.4422896 0 0.3215962 -0.946877 0 0 0 1 -0.7518424 0.659343 0 0.3214238 0.9469354 0 -0.3214394 0.9469302 0 -0.831475 0.5555623 0 0.2622808 0.9649917 0 0.9807879 -0.195077 0 -0.946931 0.321437 0 0.909493 0.4157191 0 -0.9807868 0.1950832 0 0.442295 0.8968697 0 -0.1950882 -0.9807857 0 0.1950777 -0.9807878 0 0.555567 0.8314718 0 0 0 1 0.1826938 0.9831699 0 0.9978601 0.06538432 0 -0.8968588 0.4423173 0 0.7516373 0.6595767 0 0.8314678 -0.5555729 0 -0.4422799 -0.8968771 0 0.9831722 0.1826816 0 0.4422854 0.8968744 0 0.8968693 0.4422958 0 0.4422901 0.8968721 0 -0.3782266 -0.9257131 0 -0.9978533 -0.06548994 0 -0.2226772 -0.9748923 0 0.5555675 -0.8314715 0 0.4422883 -0.896873 0 0.5555724 0.8314682 0 0.9469121 -0.321493 0 -0.9831691 -0.1826978 0 0.1950879 0.9807858 0 0.8968828 0.4422682 0 0.06540387 -0.997859 0 0.8314737 -0.5555642 0 0.8314699 -0.55557 0 0.9649937 0.2622731 0 0.6593436 -0.7518418 0 -0.4422879 -0.8968732 -4.22919e-5 0.3214482 0.9469273 0 -0.44229 -0.8968722 0 0.4422878 -0.8968732 0 0.06540244 -0.9978591 0 0.1951035 -0.9807827 0 0.3014525 0.9534812 0 0.0650947 0.9978791 0 0.6593579 0.7518293 0 -0.06540316 -0.997859 0 0.659514 0.7516924 0 -0.6593465 -0.7518392 0 0.659345 0.7518405 0 0.1950846 -0.9807865 0 0.8314237 0.555639 0 0.9978586 -0.06540942 0 0.7070717 -0.7071419 0 0.707108 -0.7071056 0 -0.7071074 0.7071063 0 -0.7071056 0.7071081 0 0.002450287 0 0.999997 0.4422879 -0.8968731 0 7.99694e-7 -1 0 -1 -7.45059e-7 0 -0.9649865 -0.2622995 0 0.7518327 0.6593539 0 0 0 1 0.1950892 -0.9807855 0 -0.4423939 -0.896821 0 0.9978579 0.06541645 -4.7337e-4 0 2.16556e-7 1 0 0 1 -0.9978588 0.06540602 0 0.6594729 0.7517284 0 -0.8314149 0.5556522 0 -0.6593351 -0.7518492 0 -0.4524753 -0.8917769 0 -0.6593757 -0.7518136 0 0.7518421 -0.6593433 0 -0.06541812 -0.997858 0 0.6593398 -0.7518452 0 -0.9807835 -0.1950995 0 -0.1950013 0.980803 0 0 0 1 0.1950929 0.9807848 0 1 2.98024e-6 0 -0.4422901 0.8968721 0 -0.8314699 0.5555699 0 0.8314839 -0.555549 0 -0.9257063 -0.3782433 0 0.3782414 0.9257071 0 -0.9997907 -0.0204578 0 0.9898108 0.1423892 0 -0.9831753 -0.1826652 0 -0.8968704 0.4422937 0 -0.1952294 -0.9807577 0 0.7126683 0.7015013 0 -0.6593449 0.7518407 0 -0.1950919 0.980785 0 -0.9997919 -0.02040183 0 0 0 1 0 0 1 0 0 1 0 0 1 0 0 1 0 0 1 0.6593405 0.7518446 0 0.1950911 -0.9807851 0 0.1950918 0.980785 0 -0.4524804 -0.8917744 0 -0.3782284 -0.9257124 0 0.3214382 0.9469307 0 0.9534776 0.3014641 0 -0.3214372 0.946931 0 -0.980785 0.1950922 0 -0.06541198 -0.9978584 0 0.5555698 0.83147 0 0.9947943 0.101904 0 0.3401324 0.9403776 0 0.8968692 -0.442296 0 0.9978632 -0.06533807 0 0.8968772 0.4422798 0 0.4422825 0.8968758 0 -0.4422907 0.8968718 0 -0.3214356 -0.9469314 0 0.9947946 0.1019006 0 0.9898063 0.1424201 0 1.99307e-7 0 1 0.4524762 0.8917766 0 -0.02041351 -0.9997917 0 0.9649839 0.2623093 0 -0.06540358 0.997859 0 0.6593511 0.7518353 0 -0.1018939 -0.9947954 0 -0.9534722 -0.3014813 0 -0.9469311 0.3214367 0 0.9469315 0.3214356 0 -0.6593503 -0.7518359 0 0.8314623 0.5555812 0 -0.1827066 -0.9831675 0 0.1950918 -0.9807851 0 0.2226889 0.9748896 0 0.1424089 0.989808 0 0.659344 -0.7518414 0 -0.1950918 -0.980785 0 0.9997909 0.02045589 0 -0.4422865 -0.8968738 0 -0.7518281 0.6593591 0 -1.03315e-6 1 0 0.2622936 0.9649881 0 0.442299 0.8968677 0 0.7518444 -0.6593406 0 -0.9978599 0.06538873 0 0.06120443 0.9981253 0 -0.994796 -0.1018871 0 -0.9981256 -0.06119972 0 0.6593466 -0.7518392 0 0.9978589 -0.06540364 4.98353e-5 0.997859 -0.06540244 0 0.9403731 0.3401447 0 -0.5555748 -0.8314666 0 1.32976e-7 -1 0 0 -1 7.94723e-6 0 -1 0 -0.1950904 -0.9807853 0 1.61389e-7 0 1 0.8968636 0.4423075 0 -0.2226783 -0.974892 0 -0.3214424 -0.9469292 0 -0.9469296 -0.321441 0 0.4422874 -0.8968734 0 0.06541067 0.9978585 0 -0.4422942 -0.8968701 0 0.0654059 0.9978588 0 0.3214169 -0.9469379 0 -0.6593471 0.7518387 0 0.5555693 0.8314703 0 -0.9997918 -0.02040475 0 -0.2622833 -0.964991 0 -0.4422948 -0.8968697 0 0.2226713 0.9748936 0 0.1950907 0.9807853 0 -0.9978616 0.06536334 0 0 0 1 -0.1950901 -0.9807854 0 -0.06540066 -0.9978591 0 -0.1950923 0.9807849 0 -0.9094933 -0.4157186 0 -0.5555767 0.8314654 0 -0.9649931 -0.2622752 0 0.02041316 0.9997917 -5.90411e-6 0.1950904 -0.9807854 0 0.06540143 0.9978591 0 0 0 1 0.8968715 -0.4422914 0 0.06538444 0.9978601 0 0 1 -2.18549e-5 -2.50308e-7 1 0 -0.9978591 -0.06540095 0 0.8314675 -0.5555735 0 -1 -5.58794e-7 0 -0.5555583 -0.8314777 0 0.6593452 -0.7518404 0 0.9469323 -0.3214333 0 0.9897992 0.1424694 0 -2.24636e-7 0 1 -1.20877e-7 0 1 -0.964993 -0.2622759 0 0.8968691 -0.4422962 0 1.99447e-7 -2.23393e-7 1 2.23232e-7 0 1 1.99447e-7 2.23392e-7 1 -0.6593452 0.7518404 0 -0.1950834 0.9807867 0 -0.9095072 -0.4156881 0 0.9469304 0.3214388 0 0.7518481 -0.6593364 0 -0.6593435 -0.7518419 0 -0.9534862 -0.3014368 0 0.8314676 -0.5555732 0 -1.30681e-7 0 1 0.9534726 0.3014799 0 -0.8314679 0.5555728 0 -0.3214407 -0.9469298 0 0.6593475 0.7518384 0 0.7518419 0.6593435 0 -0.8314642 0.5555783 0 6.75518e-7 -1 0 -0.9469322 -0.3214336 0 0.8314664 -0.5555752 0 -0.9807877 -0.1950782 0 0 0 1 0.1951855 0.9807664 0 0.946929 -0.3214427 0 0.3214337 0.9469321 0 0.5555728 0.8314679 0 0.9469245 -0.321456 0 0.06554043 -0.99785 0 0 0 1 -0.1019051 -0.9947942 0 0.8314698 -0.5555699 0 -0.5555717 0.8314687 0 -0.3214384 -0.9469306 0 -0.101895 -0.9947952 0 -0.6593463 0.7518394 0 0.8314653 0.5555768 0 0.994796 0.1018871 0 -0.6593461 0.7518397 0 -0.9978588 0.06540697 0 0.3214372 0.946931 0 -0.8314711 0.5555682 0 0.7518436 -0.6593416 0 0.659349 -0.7518371 0 0 1.7136e-7 1 0 1.71366e-7 1 4.0736e-7 -2.97473e-7 1 0 -1.92597e-7 1 4.23749e-7 -3.13125e-7 1 0 0 1 -2.83855e-7 -3.0067e-7 1 0 0 1 0 -3.37586e-7 1 0 0 1 0 0 1 0 0 1 0 0 1 0 0 1 0 0 1 0 0 1 0 0 1 0 0 1 0 0 1 0 0 1 0 -4.61206e-7 1 0 0 1 0 0 1 0 0 1 0 0 1 0 0 1 0 0 1 0 0 1 0 4.24294e-7 1 1.39716e-7 3.98383e-7 1 -1.3205e-7 0 1 0 0 1 0 0 1 0 0 1 0 0 1 0 -1.926e-7 1 0 -2.94802e-7 1 0 0 1 0 2.89904e-7 1 0 0 1 0 0 1 0 -1.71222e-7 1 -3.79743e-7 1.31114e-7 1 -3.60395e-7 1.80428e-7 1 0 0 1 0 0 1 0 0 1 -1.47684e-7 0 1 0 0 1 0 0 1 0 0 1 0 0 1 0 0 1 0 0 1 0 0 1 0 0 1 0 0 1 0 -2.94799e-7 1 0 0 1 0 2.89885e-7 1 0 -4.75403e-7 1 0 0 1 0 -2.03885e-7 1 0 0 1 -1.80196e-7 0 1 0 0 1 0 0 1 0 0 1 0 0 1 0 0 1 0 0 1 0 -3.43462e-7 1 -3.42538e-7 -2.65906e-7 1 0 0 1 0 0 1 0.4422891 0.8968726 0 0.4423182 -0.8968582 0 0.946929 0.3214429 0 -0.8968675 -0.4422994 0 -0.9469254 0.3214537 0 -0.7518382 -0.6593477 0 0.9095063 0.4156901 0 0.5555708 -0.8314692 0 0.7518401 -0.6593456 0 0.9978588 -0.06540602 0 -0.6593471 0.7518389 0 0.0654146 0.9978582 0 -0.980785 -0.1950918 0 0.9807844 -0.1950952 0 -0.9807841 -0.1950963 2.3421e-4 -0.3214311 -0.946933 0 -0.4422849 -0.8968747 0 -0.6593359 -0.7518485 0 0.3214417 -0.9469295 0 0 0 1 0 0 1 0 0 1 0 0 1 0 0 1 0 0 1 0 0 1 0 0 1 0 0 1 0 0 1 0 1.79747e-7 1 0 1.79747e-7 1 -2.79632e-7 0 1 0 0 1 0 0 1 0 0 1 0 0 1 -1.9525e-7 0 1 0 0 1 0 0 1 0 0 1 0 0 1 0 0 1 0 0 1 0 0 1 0 0 1 0 0 1 0 0 1 0 0 1 2.40453e-6 2.50812e-7 1 2.46747e-6 0 1 0 3.9362e-7 1 0 4.00309e-7 1 0 0 1 0 0 1 0 0 1 0 0 1 0 0 1 0 0 1 0 0 1 0 0 1 0 0 1 0 0 1 0 0 1 -3.12255e-7 0 1 -1.84971e-7 0 1 0 0 1 0 0 1 0 0 1 0 0 1 0 0 1 0 0 1 0 0 1 0 0 1 -3.70344e-7 0 1 0 0 1 0 0 1 0 0 1 0 0 1 0 0 1 -3.14788e-7 0 1 0 0 1 -0.8968757 -0.4422826 0 0.9807837 0.1950986 0 0.1019054 0.9947941 0 -0.8315696 -0.5554208 0 -0.8314682 -0.5555723 0 0 0 1 0 0 1 0 -2.99461e-6 1 7.45834e-7 -5.6301e-6 1 0 0 1 0 0 1 0 0 1 0 0 1 0 0 1 0 0 1 0 0 1 0.9807851 0.1950918 0 0.7518566 0.6593268 0 -0.8967205 -0.4425972 0 -0.9898063 -0.1424205 0 -0.06540155 0.997859 0 -0.9807799 -0.1951177 0 -0.9807828 0.1951035 0 0.9807513 0.1952609 0 0 0 1 0 0 1 0 0 1 0 0 1 0 -5.00691e-7 1 0 2.47647e-7 1 0 0 1 0 0 1 0 2.76227e-7 1 0 -5.48761e-7 1 0 0 1 0 0 1 -0.7518383 -0.6593475 0 -0.831452 0.5555967 0 -0.06120479 -0.9981253 0 0 0 1 -0.5555715 -0.8314689 0 -0.8968752 -0.4422839 0 0.9469305 0.3214386 0 -0.2226799 -0.9748916 0 -0.5555663 -0.8314723 0 0 0 1 0 0 1 -0.946919 -0.3214724 0 0 0 1 -0.321438 0.9469307 0 -0.9095058 -0.4156912 0 0.3214424 0.9469292 0 0.1950039 0.9808025 0 -0.7070196 -0.707194 0 -0.1951066 -0.9807822 0 0.9257084 0.378238 0 1 -7.25227e-7 0 -0.997859 0.06540292 0 -0.7519328 -0.6592398 0 -0.659348 0.751838 0 0.555585 0.8314598 0 0.7070224 0.7071911 0 0.9403842 0.3401145 0 -0.9469323 0.3214331 0 -0.5555617 0.8314754 0 0.06540149 0.9978591 0 0.442283 0.8968756 0 -0.4422832 -0.8968755 0 0.6593476 0.7518383 0 -0.7070225 -0.7071911 0 -0.3214393 -0.9469302 -8.1456e-5 -0.5554091 0.8315774 0 0.8968719 0.4422903 0 -0.06540161 -0.9978591 0 0.9469314 0.321436 0 0.5555764 0.8314656 0 -0.9469302 -0.3214396 0 0.9808188 0.1949222 0 0.9257062 0.3782433 0 0.06540477 0.9978588 0 -0.195068 -0.9807898 0 -0.3214628 -0.9469223 0 0 0 1 0 0 1 0.1950891 -0.9807856 0 -0.7126674 -0.7015022 0 1.49202e-7 0 1 -4.4837e-6 0 1 0 -1.23396e-6 1 1.57332e-7 -1.23396e-6 1 -1.49179e-7 0 1 0 0 1 0 0 1 0 0 1 0 0 1 0 0 1 0 0 1 -7.45809e-7 -5.63007e-6 1 0 -2.99437e-6 1 0 0 1 0 0 1 0 0 1 0 0 1 1.41599e-6 -5.81853e-7 1 0 -4.12604e-7 1 0 -4.19784e-7 1 -1.58518e-7 -3.98361e-7 1 0 -4.19778e-7 1 -1.49197e-7 -4.12609e-7 1 0 0 1 -8.47209e-6 1.10599e-6 1 0 0 1 0 0 1 0 0 1 0 0 1 0 0 1 8.5045e-6 1.10646e-6 1 0 0 1 0 0 1 0 0 1 0.9807772 0.1951314 0 -0.3214403 0.9469299 0 1 0 0 -0.7518405 -0.6593452 0 0.891783 0.4524635 0 0.9257054 0.3782452 0 0.5556207 -0.8314359 0 0 0 1 2.65284e-7 0 1 -7.42845e-7 0 1 0 -1.23391e-6 1 0 -1.23388e-6 1 -2.38791e-7 0 1 0 0 1 0 0 1 -1.19386e-7 -2.15312e-7 1 -4.0128e-7 1.31128e-7 1 -4.11234e-7 0 1 0 0 1 0 0 1 0 -2.47662e-7 1 0 0 1 0 0 1 0 -4.6101e-7 1 -1.32649e-7 -3.86273e-7 1 0 -4.00083e-7 1 2.38781e-7 0 1 2.73883e-7 0 1 2.75692e-7 0 1 -1.36937e-7 -3.86286e-7 1 0 -2.76219e-7 1 -4.03613e-7 0 1 0 0 1 -8.28768e-7 0 1 0 0 1 2.59474e-7 0 1 8.21646e-7 0 1 -2.88291e-7 0 1 0 0 1 0 0 1 0 0 1 -4.32448e-7 -2.41182e-7 1 -3.74772e-7 1.31129e-7 1 -0.9469287 0.3214437 0 0.7518464 -0.6593384 0 -0.8968836 0.442267 0 -1 0 0 -0.9978588 0.06540691 0 -0.1950899 -0.9807854 0 0.9649888 0.2622912 0 0.002450287 0 0.999997 -0.1950893 -0.9807855 0 -0.9469534 0.3213713 0 0.5552812 0.8316628 0 0.9469308 0.3214375 0 -0.9831597 -0.1827487 0 0.8968859 -0.4422621 0 0.9807851 0.1950911 0 -8.76684e-7 1 -5.96046e-6 0.5555824 0.8314616 0 -0.06539094 0.9978597 0 0.9831719 0.1826828 0 -0.5555708 0.8314694 0 0.94696 0.3213514 0 -0.9257115 -0.3782305 0 -0.9947943 -0.101904 0 0.7518324 -0.6593545 0 0.4422511 0.8968913 0 -0.4156978 -0.9095028 0 0.7518411 0.6593445 0 0.8314655 0.5555765 0 -0.9749056 -0.2226186 0 0.5555967 0.831452 0 -0.8968693 0.4422957 0 0 0 1 0 0 1 0.3214404 0.9469299 0 0 -1 0 -0.4422929 0.8968707 0 -0.994789 -0.1019555 0 -0.3782281 -0.9257125 0 0.997859 -0.06540369 0 0 0 1 -0.555572 -0.8314686 0 0.9978591 -0.06540071 0 0.9997922 0.02038735 0 -0.9978588 0.06540602 0 0.1424199 0.9898064 0 0.1950989 0.9807836 0 0.19509 -0.9807854 0 0 0 1 0 0 1 -0.1950831 0.9807868 0 0 0 1 -0.8968725 -0.4422891 0 -0.8968771 -0.44228 0 0.9807868 0.1950835 0 -0.9898059 -0.1424229 0 0.7518433 0.6593419 0 0.9469313 -0.3214363 0 -0.896873 0.4422882 0 -0.06120502 -0.9981253 0 0.7518389 0.6593469 0 0.1950958 0.9807842 0 -0.9978604 -0.0653817 0 0.9469275 -0.3214473 0 -0.06540757 -0.9978587 0 1 2.98027e-6 0 0 -1.34672e-7 1 0.9898059 0.1424229 0 0.1018931 0.9947955 0 -0.4422801 0.8968771 0 1.37322e-7 0 1 0 0 1 -0.1950923 0.9807849 0 0.3214401 -0.9469299 0 0.953482 0.30145 0 0.1424198 0.9898064 0 -0.9978593 -0.06539845 0 -2.03862e-7 0 1 0 0 1 -0.8968779 0.4422785 0 -0.7518466 -0.6593381 0 -0.5555731 -0.8314678 0 -0.2226889 -0.9748896 0 -0.896873 0.4422883 0 -0.6593452 -0.7518404 0 0.9403732 0.3401447 0 -0.6593417 0.7518434 0 -0.7518416 -0.659344 0 -0.9534771 -0.3014657 0 -0.9469259 -0.3214521 0 -0.8917703 -0.4524886 0 -0.06543338 0.9978569 0 0.4423104 0.896862 0 0.946929 -0.321443 0 -0.7518403 0.6593454 0 -0.1950911 0.9807852 0 0.4422879 -0.8968732 0 -0.4422881 -0.8968731 0 0.3214416 -0.9469295 0 -0.9978588 0.0654059 0 0.06540578 0.9978588 0 0.3401222 0.9403812 0 -0.8314717 0.5555672 0 0.896873 -0.4422883 0 0.8968722 -0.4422897 0 0.9978592 -0.06539952 0 0.3214398 0.9469301 0 0 0 1 0 0 1 0 0 1 0 0 1 0 0 1 0 0 1 2.31785e-7 -3.39185e-7 1 1.75565e-7 -3.65866e-7 1 0 0 1 0 0 1 0 0 1 0 0 1 0 -5.68406e-7 1 0 1.61132e-7 1 0 0 1 0 0 1 0 4.41522e-7 1 1.47678e-7 3.86284e-7 1 -2.13984e-7 0 1 0 0 1 0 0 1 0 -6.01682e-7 1 0 0 1 0 0 1 0 0 1 0 -1.92596e-7 1 0 -3.56107e-7 1 -4.0736e-7 0 1 -4.23743e-7 0 1 0 1.71365e-7 1 0 1.71361e-7 1 0 0 1 0 -3.57898e-7 1 0 0 1 0 -1.92602e-7 1 0 0 1 0 -2.94802e-7 1 0 0 1 0 2.89891e-7 1 0 0 1 0 0 1 0 0 1 -4.15954e-7 0 1 0 0 1 0 0 1 0 0 1 0 0 1 0 0 1 0 0 1 0 0 1 0 0 1 0 0 1 0 0 1 0 0 1 0 0 1 0 0 1 0 0 1 -4.7537e-7 0 1 0 -2.94797e-7 1 0 2.89903e-7 1 0 1.64547e-7 1 0 0 1 0 0 1 0 0 1 0 0 1 0 0 1 0 0 1 0 0 1 0 0 1 0 0 1 0 0 1 0 0 1 0 4.42161e-7 1 0 4.2349e-7 1 2.01255e-6 1.40304e-7 1 0 0 1 0 0 1 0 0 1 0 0 1 0 0 1 0 0 1 2.08333e-6 -1.28551e-7 1 0 0 1 -1.95247e-7 0 1 0 0 1 0 0 1 -2.79628e-7 0 1 0 0 1 0 0 1 0 0 1 0 0 1 0 0 1 0 0 1 0 0 1 0 0 1 0 0 1 0 0 1 0 0 1 0 0 1 0 0 1 0 1.94647e-7 1 0 1.94647e-7 1 0 0 1 -3.12255e-7 0 1 0 0 1 0 0 1 0 0 1 -3.51125e-7 -1.80427e-7 1 -2.86755e-7 -3.21622e-7 1 0 0 1 0 0 1 0 0 1 0 0 1 -3.70341e-7 0 1 -1.9525e-7 0 1 0 0 1 0 0 1 -3.51827e-7 0 1 0 0 1 0 0 1 0 0 1 0 0 1 0.4422886 -0.8968728 0 0 0 1 0.9469309 0.3214375 0 -0.195085 -0.9807863 0 0.9978568 0.06543546 0 0.0653882 0.99786 0 -0.06540137 0.9978591 0 0.19509 -0.9807854 0 0.8314632 0.5555798 0 0.1950961 0.9807842 0 0.06539732 0.9978593 0 1.61391e-7 0 1 -0.06540358 -0.9978589 0 -0.6593475 -0.7518383 0 -0.1424214 -0.9898062 0 -0.9748895 -0.2226893 0 -0.1950988 0.9807837 0 -0.101906 -0.994794 0 0.896874 0.4422863 0 0.6593578 0.7518293 0 -0.659344 0.7518415 0 0.6593414 0.7518438 0 0.9807861 0.1950867 0 0.8314684 -0.5555722 0 0.9978585 0.0654096 0 0.5555706 0.8314694 0 -0.8314667 -0.5555748 0 -0.7518495 0.6593348 0 -0.6593358 -0.7518487 0 0.831463 -0.5555803 0 -0.3214083 -0.9469407 0 0.4422929 -0.8968707 0 0.5555712 -0.8314691 0 -0.1950875 -0.9807859 0 -0.06538993 -0.9978598 0 -1 6.64455e-7 0 -0.9978592 -0.06540006 0 0.3214442 0.9469286 0 0.9978594 0.06539756 0 -0.1950933 -0.9807847 0 0.9469305 -0.3214387 0 -0.9534807 -0.3014543 0 -0.9469312 -0.3214365 0 -0.3211743 -0.9470202 0 0 0 1 -0.9095062 -0.4156907 0 -0.9257048 -0.378247 0 0.8314708 -0.5555685 0 0.7518411 -0.6593444 0 0 0 1 0.896877 0.4422801 0 0 0 1 0 0 1 0 0 1 0.8968688 0.4422968 0 0.4423939 0.8968209 0 0 0 1 -0.9978591 -0.06539988 0 0 0 1 0 0 1 0 0 1 0 0 1 0 0 1 0.8314666 0.5555749 0 0.1951305 0.9807774 0 0.7518637 0.6593186 0 0.222678 0.9748921 0 -0.3401334 -0.9403772 0 -0.321421 0.9469364 0 -0.02041393 -0.9997916 0 0.4422883 0.8968731 0 -0.06540083 -0.9978591 0 -0.0654149 -0.9978582 0 -0.83147 0.5555699 0 0.06120502 0.9981253 0 0.32144 -0.9469301 0 -0.7518422 0.6593433 0 -0.8314666 0.5555747 0 -0.9947959 -0.1018876 0 -0.751845 0.6593399 0 0.8917807 0.452468 0 0.4422937 -0.8968703 0 0.442287 -0.8968736 0 0.1827062 0.9831675 0 0 0 1 -1 -2.98023e-6 0 0.06540447 0.9978589 0 -0.6594479 -0.7517504 0 0 1 0 -0.9807855 0.1950895 0 0.4422953 0.8968695 0 -0.896875 -0.4422841 0 0.9807854 -0.1950895 0 0.1951136 0.9807807 0 -0.4422616 -0.8968861 0 0 0 1 -0.4422892 0.8968726 0 1.44401e-7 0 1 0.6593438 0.7518416 0 0.9807848 -0.1950926 0 -0.02041316 -0.9997917 0 -0.555558 -0.8314779 0 -0.9469299 0.3214404 0 0.9807858 0.195088 0 0.5555708 -0.8314694 0 0.9981247 0.06121361 0 0.4422881 -0.8968731 0 -0.1950908 0.9807853 0 0 0 1 0.6593458 -0.7518399 0 0.7070233 0.7071903 0 -0.9469338 -0.321429 0 0.9978596 -0.06539344 0 -0.7126682 -0.7015013 0 0.9978592 0.06539964 0 0.1950932 0.9807848 0 0.3401231 0.9403809 0 0 0 1 0.1950677 -0.9807898 0 0.3213618 0.9469565 0 -0.4156991 -0.9095023 0 -0.4422875 -0.8968734 0 0.1950898 -0.9807854 0 0.06540256 -0.9978591 0 0.9469335 -0.3214296 0 0.9978587 -0.06540662 0 -0.6593469 0.7518389 0 0.4422881 -0.8968731 0 0 0 1 0.4156971 0.9095032 0 1 -1.79042e-6 0 -0.5555769 -0.8314653 0 0.980785 0.1950923 0 0.8968695 0.4422953 0 -0.9469311 0.3214368 0 -0.195093 0.9807848 0 0.1424281 0.9898052 0 -0.8314672 0.5555741 0 1 5.58794e-7 0 1 2.66092e-6 -2.38419e-5 -0.06540846 -0.9978586 0 0.6593517 -0.7518348 0 0.9978592 -0.06539821 0 -0.896833 -0.4423694 0 0 0 1 -0.1424195 -0.9898065 0 -0.9807841 -0.1950965 0 0.9469304 -0.3214387 0 0.2226781 0.974892 0 -0.1827054 -0.9831678 0 -0.06540268 -0.997859 0 0.8968733 0.4422878 0 0 0 1 -0.4422796 0.8968774 0 0.3214372 -0.946931 0 0.7518431 -0.6593422 0 0 1.21947e-7 1 0.9534966 0.301404 0 -0.9469313 -0.3214361 2.26402e-4 0.9469321 0.3214339 0 0.555569 0.8314705 0 -0.4422849 0.8968747 0 0.3214419 0.9469294 0 -0.14242 -0.9898064 0 -0.2622824 -0.9649913 0 -0.6593428 -0.7518426 0 0.3215962 0.946877 0 0.06540322 0.997859 0 -0.997859 0.06540393 0 -0.3214427 -0.9469291 0 -0.8968697 -0.442295 0 -0.32144 0.94693 0 0.8314668 -0.5555747 0 -0.6594501 0.7517483 0 0.8314698 -0.55557 0 -0.9978589 -0.06540495 0 0.02041298 0.9997917 0 -0.9403793 -0.3401278 0 -0.4422936 -0.8968703 0 0.5555705 -0.8314694 0 -0.980786 -0.1950866 0 -0.9469299 0.3214403 0 -0.9403896 -0.3400993 0 -0.3214421 -0.9469293 0 -0.8314722 -0.5555666 0 0.3782317 0.925711 0 0.5555772 0.831465 0 -0.8968721 0.4422904 0 0.1950923 0.980785 0 0 -1.41915e-7 1 -0.321431 0.9469331 0 0.9469491 0.3213838 0 0.3401325 0.9403776 0 -0.3214399 -0.94693 0 -0.9807839 -0.1950976 0 0.9978591 0.06540012 0 0.3214504 0.9469265 0 -0.3214385 0.9469305 0 -0.8968673 -0.4422999 0 0.06540089 -0.9978591 0 -0.1826953 -0.9831696 0 -0.9978592 0.06539928 0 0.9469331 -0.3214311 0 -0.9469301 0.3214398 0 0.9978594 -0.06539738 0 0.442286 0.8968741 0 0.3214431 0.9469289 0 -0.6593471 -0.7518388 0 0.06120473 0.9981253 0 -0.1950898 0.9807854 0 -0.9469482 -0.3213863 0 -0.9469373 0.3214187 0 0 0 1 0.8968812 0.4422714 0 1.43694e-7 0 1 -0.9981248 -0.06121355 0 0.1827055 0.9831678 0 -0.3214402 -0.94693 0 -0.6593586 -0.7518283 7.21512e-4 -0.83147 0.5555697 0 0.6593319 0.751852 0 0.980785 0.1950921 0 0.1019062 0.994794 0 -0.5555694 -0.8314703 0 -0.9981257 -0.06119674 0 -0.9257331 -0.3781777 0 -0.1827052 -0.9831678 0 -0.8917798 -0.4524697 0 -0.5555693 0.8314703 0 -0.06120502 -0.9981253 0 0 0 1 0.712668 0.7015014 0 -0.321435 -0.9469317 0 0 0 1 0.6593444 0.7518411 0 -0.8314642 0.5555782 0 -0.9807835 0.1950998 0 0.9807862 -0.1950859 0 -0.9807855 -0.1950895 0 -0.9807845 0.1950941 0 -0.4156979 -0.9095028 0 -0.9831682 -0.1827027 0 -0.8968739 -0.4422864 0 0.1950841 0.9807866 0 -0.9807651 -0.1951922 0 -0.7518384 0.6593475 0 -0.9981257 -0.0611968 0 -0.9898059 -0.1424229 0 -0.8314765 0.55556 0 0.8968757 -0.4422826 0 -0.3216079 0.946873 0 -0.4422955 -0.8968695 0 0.1827052 0.9831678 0 -0.8314666 0.555575 0 -0.6593452 -0.7518405 0 -0.3782361 -0.9257093 0 0.9807855 -0.1950895 0 -0.8968722 -0.4422898 0 -0.940379 -0.3401286 0 -0.1424084 -0.989808 0 -0.2622936 -0.9649881 0 -0.3014601 -0.9534788 0 -0.9469311 -0.3214368 0 -0.9470476 -0.3210933 0 -0.06539362 -0.9978595 0 -0.4423111 0.8968617 0 0.3782259 0.9257134 0 -1 4.47034e-6 0 0.8314774 0.5555588 0 -0.5555819 -0.8314618 0 -0.9748838 -0.2227142 0 0.7518395 0.6593463 0 -0.1950933 0.9807848 0 0.9469363 0.3214215 0 0.9807851 -0.1950914 0 0.4420022 -0.897014 0 0.9981258 0.0611968 0 -0.9898089 -0.1424025 0 0.5555886 -0.8314574 0 0.9649929 0.2622762 0 1 0 0 -0.06552219 -0.9978511 0 -0.3401218 -0.9403815 0 0.7518334 0.6593531 0 -0.7518406 -0.6593449 0 0.06120502 0.9981253 0 -0.3401224 -0.9403812 0 0.06540793 -0.9978587 0 0.8968743 0.4422855 0 0 -1 8.8957e-7 0.9748873 0.2226991 0 0.02041387 0.9997917 0 -0.3401326 -0.9403776 0 -0.442294 0.8968703 0 0.3782299 0.9257117 0 -0.06541454 0.9978582 0 -0.9978591 0.06540077 0 0 0 1 0 0 1 0 0 1 0 0 1 0 0 1 0 0 1 -0.7518525 0.6593314 0 1 7.45059e-7 0 -0.4422907 0.8968718 0 0.9748835 0.2227157 0 0 0 1 0 0 1 0 0 1 0 0 1 0 0 1 0 0 1 0.7518405 0.659345 0 -0.3214412 -0.9469296 0 0.321441 -0.9469296 0 -0.0654028 -0.997859 0 -0.9978601 0.06538701 0 -0.1950936 -0.9807847 0 0.06540167 0.9978591 -1.45542e-5 -0.4422812 0.8968765 0 0.5555654 0.8314729 0 -0.5557013 -0.831382 0 0.4422783 0.896878 0 -0.5555708 -0.8314694 0 0.1950823 0.9807869 0 0.4422726 -0.8968807 0 -0.1950867 -0.980786 0 0 0 1 -0.4422901 0.8968721 0 -0.4422872 -0.8968735 0 -0.8968691 -0.4422962 0 0.3214388 -0.9469304 0 -0.3214564 0.9469244 0 0 -1.64584e-7 1 0.06540352 0.9978589 0 -0.4422862 0.8968741 0 0.997859 0.06540262 0 0.6593456 0.75184 0 -0.7518385 -0.6593474 0 -0.5555686 0.8314709 0 0.9748873 0.2226994 0 0.83148 0.5555549 0 0.1018887 0.9947958 0 0.3214399 0.94693 0 0.9469304 -0.3214386 0 0.6593459 0.7518398 0 0.1950913 0.9807852 0 -0.1950922 0.980785 0 -0.9469297 0.3214409 0 0.1950925 0.9807848 0 0.4524804 0.8917744 0 0.06540387 0.9978589 0 0 -1.8922e-7 1 -0.8314893 -0.5555408 0 -0.9649891 -0.2622905 0 0.4422866 0.8968738 0 -0.555576 -0.8314658 0 -0.9807859 -0.1950877 0 -0.6593394 0.7518455 0 0.30146 0.9534788 0 -0.4422876 0.8968733 0 0.9981258 0.06119674 0 -0.06540387 0.997859 0 0.06540161 0.9978591 0 0.6593495 0.7518367 0 -0.5555756 -0.831466 0 -0.8314701 -0.5555696 0 0.4422897 0.8968724 0 0.89687 0.4422944 0 -0.1950991 -0.9807836 0 0.8968726 0.4422891 0 0.3215988 -0.9468761 0 -0.7518394 0.6593464 0 0.3214234 0.9469355 0 -0.3214386 0.9469305 0 -0.8314733 0.5555648 0 0.262283 0.964991 0 0.9807825 -0.1951048 0 -0.9469299 0.3214403 0 0.9095062 0.4156907 0 0.4422941 0.8968701 0 -0.1950879 -0.9807859 0 0.1950805 -0.9807873 0 0.5555664 0.8314723 0 0 0 1 0.1826933 0.98317 0 0.9978599 0.06538933 0 -0.8968632 0.4423083 0 0.7516323 0.6595824 0 0.8314648 -0.5555775 0 -0.4422783 -0.8968779 0 0.9831713 0.1826865 0 0.4422834 0.8968755 0 0.8968693 0.4422958 0 0 0 1 -0.3782296 -0.9257118 0 -0.9978488 -0.06555718 0 -0.2226791 -0.9748919 0 0.5555772 -0.831465 0 0.4422886 -0.8968728 0 0.5555719 0.8314685 0 -0.06120473 -0.9981253 0 0.9469093 -0.3215008 0 -0.9831722 -0.1826813 0 0 0 1 0.1950876 0.9807859 0 0.896879 0.442276 0 0.06540304 -0.997859 0 0.8314681 -0.5555728 0 0.8314632 -0.5555799 0 0.9649851 0.2623051 0 0.6593436 -0.7518418 0 -0.4422885 -0.8968728 0 0.3214502 0.9469266 0 -0.4422874 -0.8968734 0 0.4422867 -0.8968737 0 0.06540238 -0.9978591 0 0.3014492 0.9534823 0 0.065095 0.9978792 0 -0.06540346 -0.997859 0 0.6595097 0.7516962 0 -0.6593464 -0.7518393 0 0.6593453 0.7518404 0 0.1950832 -0.9807868 0 0.8314277 0.555633 0 0.9978576 -0.06542378 0 0.7071202 -0.707093 7.0958e-4 -0.7071069 0.7071067 0</float_array>
          <technique_common>
            <accessor source="#ID9_021_001-mesh-normals-array" count="2064" stride="3">
              <param name="X" type="float"/>
              <param name="Y" type="float"/>
              <param name="Z" type="float"/>
            </accessor>
          </technique_common>
        </source>
        <vertices id="ID9_021_001-mesh-vertices">
          <input semantic="POSITION" source="#ID9_021_001-mesh-positions"/>
        </vertices>
        <triangles material="ID9_022-material" count="2593">
          <input semantic="VERTEX" source="#ID9_021_001-mesh-vertices" offset="0"/>
          <input semantic="NORMAL" source="#ID9_021_001-mesh-normals" offset="1"/>
          <p>0 0 1 0 2 0 3 1 4 1 5 1 6 2 7 2 8 2 9 3 10 3 11 3 12 4 13 4 14 4 15 5 16 5 17 5 18 6 19 6 20 6 21 7 22 7 23 7 24 8 25 8 26 8 27 9 28 9 29 9 30 10 31 10 32 10 33 11 34 11 35 11 36 12 37 12 38 12 39 13 40 13 41 13 42 14 43 14 44 14 45 15 46 15 47 15 48 16 49 16 50 16 51 17 52 17 53 17 54 18 55 18 56 18 57 19 58 19 59 19 60 20 61 20 62 20 63 21 64 21 65 21 66 22 67 22 68 22 69 23 70 23 71 23 72 24 73 24 74 24 75 25 76 25 77 25 78 26 79 26 80 26 81 27 82 27 83 27 84 28 85 28 86 28 87 29 88 29 89 29 90 30 91 30 92 30 93 31 94 31 95 31 96 32 97 32 98 32 99 33 100 33 101 33 102 34 103 34 104 34 105 35 106 35 107 35 108 36 109 36 110 36 111 37 112 37 113 37 114 38 115 38 116 38 117 39 118 39 119 39 120 40 121 40 122 40 123 41 124 41 125 41 126 42 127 42 128 42 129 43 130 43 131 43 132 44 133 44 134 44 135 45 136 45 137 45 138 46 139 46 140 46 141 47 142 47 143 47 144 48 145 48 146 48 147 49 148 49 149 49 150 50 151 50 152 50 153 51 154 51 155 51 156 52 157 52 158 52 159 53 160 53 161 53 162 54 163 54 164 54 165 55 166 55 167 55 168 56 169 56 170 56 171 57 172 57 173 57 174 58 175 58 176 58 89 59 177 59 178 59 179 60 180 60 105 60 181 61 182 61 183 61 184 62 185 62 186 62 187 63 188 63 189 63 190 64 191 64 192 64 193 65 194 65 195 65 196 66 197 66 198 66 199 67 200 67 201 67 202 68 203 68 193 68 204 24 205 24 206 24 207 69 208 69 209 69 210 70 211 70 10 70 212 71 213 71 156 71 214 72 215 72 216 72 217 73 218 73 219 73 220 74 221 74 222 74 223 75 224 75 225 75 226 76 227 76 228 76 229 24 230 24 231 24 232 77 233 77 234 77 235 78 236 78 237 78 238 79 239 79 19 79 240 80 241 80 242 80 243 81 201 81 244 81 245 82 246 82 247 82 248 83 249 83 250 83 251 84 252 84 253 84 254 85 255 85 256 85 257 86 258 86 259 86 260 87 261 87 262 87 42 88 263 88 264 88 265 89 266 89 267 89 268 90 269 90 270 90 271 91 272 91 273 91 274 92 275 92 276 92 277 93 278 93 279 93 280 94 12 94 14 94 281 95 282 95 283 95 284 96 285 96 286 96 287 97 288 97 289 97 290 98 291 98 292 98 293 99 294 99 295 99 296 100 297 100 298 100 299 101 209 101 300 101 301 102 302 102 303 102 304 103 305 103 306 103 158 104 307 104 308 104 309 105 310 105 311 105 312 106 313 106 314 106 315 107 316 107 317 107 318 24 319 24 320 24 321 108 322 108 258 108 323 109 324 109 325 109 326 110 242 110 327 110 328 111 329 111 330 111 331 112 332 112 315 112 333 113 334 113 335 113 336 114 337 114 200 114 338 115 339 115 340 115 341 116 342 116 343 116 344 117 345 117 346 117 347 118 348 118 349 118 350 119 351 119 352 119 353 120 354 120 355 120 356 24 357 24 358 24 359 121 360 121 361 121 289 122 362 122 363 122 364 123 365 123 196 123 366 124 367 124 368 124 369 125 370 125 371 125 372 126 373 126 374 126 375 127 376 127 377 127 378 128 379 128 380 128 381 129 382 129 383 129 384 130 385 130 386 130 387 131 388 131 389 131 390 24 391 24 392 24 0 132 393 132 394 132 395 133 396 133 397 133 398 134 399 134 400 134 401 135 402 135 351 135 403 136 404 136 405 136 406 137 281 137 283 137 407 138 408 138 409 138 410 139 411 139 412 139 413 140 414 140 415 140 416 141 417 141 418 141 419 142 420 142 421 142 422 143 423 143 424 143 425 144 426 144 427 144 428 145 429 145 430 145 178 146 431 146 432 146 383 147 433 147 381 147 434 148 435 148 436 148 437 149 438 149 439 149 440 150 441 150 442 150 443 151 444 151 445 151 446 152 447 152 448 152 449 153 450 153 451 153 452 154 453 154 454 154 439 155 455 155 456 155 457 156 458 156 459 156 460 157 461 157 462 157 463 158 464 158 96 158 465 159 344 159 466 159 467 24 468 24 469 24 470 160 471 160 472 160 473 24 474 24 446 24 475 24 476 24 477 24 478 161 479 161 480 161 481 24 482 24 483 24 484 162 485 162 486 162 487 163 488 163 489 163 490 163 165 163 491 163 99 164 492 164 493 164 494 165 495 165 496 165 497 166 498 166 66 166 419 167 499 167 500 167 501 168 502 168 503 168 504 169 505 169 403 169 506 170 507 170 508 170 509 171 510 171 511 171 512 172 513 172 514 172 515 173 516 173 517 173 518 174 519 174 520 174 521 175 522 175 523 175 524 176 525 176 526 176 318 177 527 177 528 177 529 178 530 178 531 178 532 179 533 179 534 179 35 180 535 180 536 180 319 181 537 181 320 181 538 182 539 182 540 182 541 183 542 183 543 183 544 184 545 184 546 184 547 185 548 185 549 185 550 186 551 186 552 186 441 187 553 187 442 187 554 188 555 188 556 188 557 189 558 189 559 189 560 190 561 190 562 190 563 191 564 191 565 191 566 24 567 24 568 24 569 192 570 192 571 192 572 193 573 193 574 193 575 194 576 194 577 194 578 195 579 195 580 195 581 196 582 196 583 196 584 197 585 197 586 197 587 198 588 198 589 198 590 199 591 199 592 199 593 200 594 200 595 200 312 24 427 24 313 24 596 201 597 201 598 201 599 202 600 202 588 202 601 203 602 203 603 203 604 204 605 204 606 204 607 205 608 205 111 205 609 206 610 206 473 206 611 207 612 207 613 207 614 208 615 208 616 208 617 209 618 209 619 209 432 210 620 210 621 210 622 211 623 211 624 211 625 212 626 212 627 212 628 213 629 213 630 213 631 214 347 214 349 214 632 215 633 215 634 215 456 216 635 216 636 216 637 217 638 217 639 217 640 218 641 218 642 218 643 219 644 219 645 219 646 220 647 220 648 220 649 221 650 221 651 221 652 222 653 222 654 222 655 223 656 223 268 223 657 224 658 224 659 224 68 225 660 225 661 225 580 226 291 226 662 226 567 227 663 227 568 227 664 228 665 228 666 228 7 229 667 229 8 229 668 230 335 230 669 230 670 231 131 231 671 231 672 232 673 232 674 232 675 233 676 233 677 233 440 234 678 234 679 234 680 235 681 235 331 235 682 236 683 236 684 236 685 237 686 237 687 237 354 24 688 24 689 24 386 238 690 238 691 238 692 239 693 239 694 239 695 240 696 240 697 240 698 241 699 241 700 241 701 242 702 242 703 242 704 24 705 24 706 24 707 243 708 243 638 243 709 244 710 244 711 244 192 245 712 245 713 245 699 246 714 246 705 246 689 247 9 247 11 247 435 248 715 248 436 248 116 249 716 249 717 249 426 250 397 250 718 250 719 251 720 251 721 251 722 252 723 252 724 252 725 253 726 253 727 253 728 24 729 24 730 24 731 254 732 254 733 254 734 255 735 255 736 255 737 256 738 256 739 256 740 257 595 257 741 257 742 258 743 258 744 258 523 259 745 259 521 259 577 260 746 260 747 260 748 261 730 261 729 261 749 262 750 262 324 262 751 263 752 263 753 263 634 264 754 264 235 264 323 24 755 24 756 24 757 265 758 265 756 265 759 266 378 266 380 266 760 267 92 267 761 267 762 268 763 268 764 268 630 269 765 269 766 269 767 270 768 270 769 270 770 271 733 271 771 271 167 272 772 272 773 272 774 273 775 273 776 273 777 274 778 274 779 274 423 144 780 144 781 144 782 275 783 275 784 275 270 276 429 276 785 276 786 277 700 277 787 277 788 278 789 278 790 278 791 279 792 279 793 279 794 280 20 280 795 280 514 281 796 281 797 281 119 282 798 282 799 282 800 283 801 283 802 283 803 284 804 284 805 284 806 285 807 285 808 285 809 286 810 286 811 286 812 287 813 287 814 287 815 288 787 288 816 288 817 289 818 289 819 289 820 290 821 290 822 290 823 291 824 291 825 291 826 292 827 292 689 292 582 293 828 293 829 293 830 294 831 294 832 294 833 295 834 295 835 295 836 296 71 296 837 296 838 297 839 297 840 297 308 298 841 298 657 298 435 299 842 299 843 299 844 300 845 300 846 300 847 301 848 301 341 301 849 302 847 302 341 302 850 303 851 303 852 303 853 304 575 304 854 304 855 305 856 305 857 305 858 306 859 306 860 306 861 307 862 307 863 307 586 148 84 148 86 148 864 308 865 308 229 308 659 309 866 309 867 309 797 310 868 310 869 310 870 311 871 311 872 311 873 312 377 312 874 312 875 313 876 313 877 313 878 24 879 24 880 24 546 314 881 314 544 314 882 315 883 315 884 315 44 316 885 316 855 316 613 196 886 196 887 196 888 317 889 317 890 317 891 318 759 318 892 318 893 319 894 319 895 319 165 320 896 320 491 320 897 321 149 321 898 321 899 322 900 322 901 322 817 323 902 323 604 323 884 324 870 324 872 324 855 325 903 325 904 325 905 326 906 326 907 326 908 327 909 327 910 327 911 328 912 328 913 328 856 329 914 329 857 329 415 330 915 330 916 330 917 331 406 331 918 331 919 332 920 332 217 332 76 333 921 333 922 333 923 24 924 24 925 24 113 334 926 334 927 334 928 335 929 335 930 335 183 336 725 336 727 336 931 337 932 337 398 337 933 24 934 24 935 24 936 338 937 338 938 338 98 339 939 339 940 339 941 340 942 340 791 340 943 341 50 341 944 341 945 342 530 342 946 342 947 343 948 343 710 343 913 344 949 344 460 344 904 345 382 345 950 345 951 346 952 346 39 346 228 347 953 347 954 347 955 348 956 348 957 348 958 349 688 349 353 349 959 350 960 350 961 350 962 351 963 351 964 351 717 352 965 352 287 352 966 353 967 353 968 353 969 354 970 354 971 354 790 355 972 355 251 355 973 356 974 356 504 356 975 357 976 357 977 357 978 358 979 358 980 358 981 359 982 359 983 359 984 360 985 360 986 360 987 361 697 361 988 361 989 362 990 362 991 362 992 363 993 363 994 363 724 24 995 24 996 24 997 364 998 364 999 364 829 365 583 365 582 365 1000 366 35 366 34 366 1001 367 837 367 1002 367 1003 368 1004 368 1005 368 1006 369 938 369 1007 369 1008 370 1009 370 1010 370 1011 371 1012 371 876 371 970 144 984 144 971 144 1013 372 1014 372 1015 372 1016 373 1017 373 570 373 812 374 603 374 1018 374 1019 375 804 375 1020 375 1021 376 1022 376 720 376 205 377 1023 377 206 377 1024 378 1025 378 844 378 597 379 32 379 598 379 1026 380 1027 380 1028 380 1029 381 1030 381 888 381 173 382 1031 382 1032 382 1033 383 1034 383 1035 383 1036 384 1037 384 1038 384 1039 385 1040 385 1041 385 890 24 1042 24 293 24 1043 386 1044 386 1045 386 1046 387 1047 387 1048 387 1049 388 1050 388 70 388 1051 389 1052 389 1053 389 1054 390 1055 390 1056 390 1057 391 1035 391 1058 391 1059 392 1060 392 675 392 1061 393 631 393 349 393 1062 394 1063 394 875 394 1064 395 46 395 453 395 1065 396 1066 396 1067 396 1068 397 1069 397 1070 397 1071 398 1072 398 364 398 1073 399 1074 399 655 399 1075 400 933 400 1076 400 776 104 1077 104 1078 104 1079 401 923 401 925 401 74 402 1080 402 1081 402 1082 403 1083 403 373 403 462 404 1084 404 1085 404 1086 405 540 405 730 405 1087 163 0 163 2 163 492 406 762 406 493 406 998 407 781 407 780 407 1088 408 1089 408 951 408 1090 409 1091 409 1092 409 1093 410 127 410 1094 410 1095 411 1096 411 215 411 1097 412 1098 412 1099 412 1100 413 1101 413 1102 413 1103 414 1104 414 142 414 1105 415 1106 415 1107 415 1108 416 1109 416 1110 416 146 417 267 417 266 417 1111 418 59 418 103 418 1112 419 1113 419 117 419 1114 420 1115 420 578 420 451 421 1116 421 1117 421 1118 422 1119 422 1120 422 1121 208 808 208 1122 208 1123 423 123 423 854 423 1124 424 1125 424 570 424 1126 425 1053 425 1127 425 1128 426 1129 426 1130 426 1131 427 1132 427 1133 427 886 196 1134 196 887 196 1135 428 1136 428 1137 428 1137 429 1138 429 1139 429 1140 430 1141 430 726 430 663 144 566 144 568 144 767 431 1142 431 1143 431 411 432 1144 432 412 432 1145 433 1146 433 1147 433 1148 434 1149 434 525 434 1150 435 1151 435 1152 435 1153 436 581 436 583 436 617 24 1154 24 1155 24 1156 437 465 437 466 437 977 438 653 438 1157 438 1158 439 1159 439 1160 439 1161 440 1162 440 1108 440 1163 441 1164 441 15 441 80 442 1165 442 1166 442 1167 443 1158 443 1168 443 1169 444 807 444 1170 444 1171 445 1133 445 1149 445 1172 446 1173 446 1174 446 1175 447 1176 447 1177 447 1178 448 1179 448 1180 448 1181 449 563 449 565 449 1117 450 1182 450 1046 450 1183 451 1184 451 1003 451 1185 452 627 452 1186 452 1187 453 1002 453 420 453 1188 454 1189 454 737 454 1190 455 1191 455 1192 455 877 456 1193 456 54 456 120 457 1194 457 1195 457 661 458 1196 458 1197 458 1198 459 1199 459 1098 459 1200 460 1201 460 1202 460 491 461 1201 461 490 461 803 462 1203 462 60 462 1204 463 487 463 489 463 1205 464 669 464 1206 464 1207 465 1009 465 1208 465 1209 466 1210 466 941 466 1211 467 1212 467 1213 467 1214 468 1215 468 1216 468 1217 469 1218 469 1219 469 17 470 1220 470 1221 470 1222 471 1223 471 1224 471 1225 472 1226 472 1227 472 1228 473 647 473 28 473 1229 474 1230 474 234 474 1231 475 1232 475 1233 475 1233 476 1234 476 973 476 1235 477 1236 477 1237 477 979 144 36 144 980 144 459 478 1238 478 1239 478 1240 479 1241 479 1150 479 1242 480 1243 480 831 480 445 481 1244 481 1172 481 1244 482 1245 482 1172 482 1246 483 234 483 1230 483 1247 484 1248 484 905 484 990 485 1249 485 1250 485 1251 486 1252 486 539 486 1253 487 1254 487 1255 487 1256 488 1010 488 1243 488 422 489 1257 489 1258 489 1259 490 1260 490 1261 490 1262 491 1263 491 1264 491 1265 492 1266 492 376 492 1267 493 999 493 1037 493 1268 494 1269 494 1017 494 170 495 1270 495 1271 495 256 496 1272 496 1273 496 1274 497 1275 497 1276 497 1277 498 309 498 311 498 122 499 1087 499 2 499 1278 500 1279 500 1073 500 1280 501 1038 501 641 501 1125 502 1281 502 696 502 1282 503 1099 503 25 503 1283 504 471 504 1284 504 1285 505 1286 505 1062 505 1287 506 1288 506 1289 506 1290 507 1291 507 1292 507 1293 508 1161 508 1294 508 1295 509 1296 509 1297 509 1298 510 357 510 1299 510 1300 511 1058 511 1301 511 1302 512 1303 512 1304 512 362 513 1059 513 363 513 355 514 917 514 918 514 541 515 1305 515 1306 515 640 516 1307 516 1285 516 1308 517 670 517 671 517 799 518 1309 518 1310 518 616 519 1311 519 1312 519 1229 520 1224 520 1313 520 1314 521 1315 521 1011 521 1316 522 1317 522 1209 522 543 523 1194 523 1318 523 1319 524 1320 524 959 524 1321 525 1322 525 1323 525 1324 526 1325 526 356 526 1326 527 1219 527 1327 527 123 528 1328 528 1329 528 1330 529 1331 529 304 529 534 530 741 530 532 530 811 531 1332 531 51 531 204 532 1333 532 1334 532 1335 533 1213 533 1132 533 1336 534 292 534 337 534 636 535 1337 535 899 535 1338 536 1339 536 1104 536 1340 411 1341 411 1342 411 36 24 978 24 980 24 55 537 1343 537 56 537 1344 538 1345 538 1346 538 1347 539 1348 539 1349 539 1350 540 1351 540 1314 540 682 541 1352 541 1353 541 1354 542 1120 542 1119 542 155 543 1355 543 410 543 1356 544 1357 544 783 544 1341 545 1358 545 1342 545 1359 546 1360 546 1052 546 556 547 1361 547 958 547 769 548 1362 548 1088 548 1363 549 966 549 49 549 1364 550 1365 550 625 550 1358 551 1366 551 1367 551 605 552 26 552 606 552 1368 553 1369 553 463 553 488 554 1370 554 1371 554 1372 555 1275 555 929 555 1373 556 1067 556 1374 556 1110 557 1375 557 1054 557 857 558 1376 558 882 558 666 24 1377 24 1378 24 1379 559 1380 559 1381 559 901 560 1382 560 1183 560 1383 561 1384 561 1385 561 1386 562 1354 562 909 562 1387 563 1388 563 1389 563 956 564 1390 564 957 564 1391 565 1392 565 162 565 189 566 3 566 187 566 1393 567 1394 567 1395 567 1396 568 1397 568 1398 568 1399 569 1400 569 1401 569 1350 570 1402 570 1403 570 1404 148 1241 148 1240 148 1405 571 1406 571 1407 571 939 572 1408 572 940 572 1040 573 1409 573 1041 573 1410 574 1411 574 735 574 787 575 1344 575 816 575 1412 576 222 576 1413 576 1414 577 1415 577 1416 577 1417 578 1418 578 1419 578 1420 579 1421 579 672 579 1422 580 1301 580 272 580 1423 581 1413 581 752 581 1216 582 533 582 1424 582 1425 583 639 583 948 583 1310 584 1426 584 1427 584 1414 585 1416 585 1428 585 1061 586 1429 586 1430 586 1431 163 1432 163 1433 163 957 587 1434 587 1435 587 1436 588 623 588 1437 588 803 589 62 589 1020 589 60 590 62 590 803 590 1070 591 361 591 1068 591 1078 592 1438 592 893 592 677 593 1439 593 1440 593 1005 594 1387 594 1389 594 814 595 1441 595 628 595 1442 596 1443 596 21 596 1444 597 1445 597 1446 597 1447 598 1448 598 594 598 1449 599 753 599 1450 599 1451 600 1452 600 296 600 549 601 1453 601 1247 601 1454 602 1455 602 1456 602 1039 603 1457 603 1458 603 846 604 1459 604 809 604 1460 605 454 605 334 605 1461 606 574 606 1096 606 418 607 1462 607 1436 607 1463 608 822 608 263 608 1154 609 1464 609 1155 609 1465 610 1106 610 1466 610 1467 611 1468 611 1469 611 1085 612 1470 612 931 612 879 613 1471 613 880 613 262 614 1472 614 1200 614 1473 615 624 615 1339 615 1474 616 428 616 430 616 1475 617 1476 617 1477 617 1478 618 1047 618 1199 618 1479 619 1480 619 1013 619 1454 620 167 620 1481 620 165 621 167 621 1454 621 1482 622 1220 622 100 622 773 623 1483 623 632 623 1484 624 562 624 1485 624 1428 625 1486 625 1487 625 1488 626 654 626 1489 626 1490 627 176 627 1380 627 1277 628 1491 628 1492 628 517 629 1493 629 1391 629 1121 630 1494 630 1495 630 344 631 1156 631 466 631 1496 632 1497 632 1429 632 704 633 840 633 1498 633 1499 634 1500 634 1501 634 1502 635 1503 635 826 635 1504 636 1505 636 1506 636 1507 637 1466 637 1348 637 1508 638 1509 638 202 638 839 639 85 639 1510 639 1511 640 1512 640 1513 640 1514 641 1515 641 396 641 1516 642 104 642 208 642 1517 643 756 643 755 643 960 644 143 644 961 644 1159 645 1071 645 1160 645 1518 646 1519 646 1520 646 1521 647 1522 647 328 647 1327 648 1523 648 1326 648 674 649 1524 649 1525 649 1323 650 1526 650 1321 650 1527 651 1528 651 1529 651 485 24 1175 24 486 24 1530 652 1531 652 1532 652 1533 653 1534 653 1535 653 1536 654 1537 654 1538 654 1539 655 721 655 1411 655 825 656 1540 656 1225 656 7 657 394 657 1541 657 0 658 394 658 7 658 1542 144 921 144 1142 144 1543 659 1544 659 1545 659 1546 163 561 163 1547 163 693 660 1417 660 694 660 1548 661 1549 661 384 661 984 662 969 662 971 662 1550 663 1289 663 502 663 1551 664 374 664 1397 664 625 665 1552 665 254 665 1553 666 854 666 1554 666 1015 667 1555 667 1283 667 709 668 1556 668 1557 668 1558 669 832 669 31 669 1559 670 250 670 282 670 1560 144 1454 144 1456 144 368 671 1561 671 1451 671 134 672 1562 672 284 672 764 673 1563 673 1564 673 1565 674 1566 674 1448 674 399 675 1231 675 400 675 1567 676 128 676 91 676 1568 677 1319 677 221 677 1297 678 1569 678 962 678 1570 679 1571 679 1572 679 1272 680 244 680 1273 680 1573 681 1574 681 366 681 1575 24 1020 24 62 24 1571 682 1576 682 1185 682 1577 683 1578 683 1508 683 1579 684 1580 684 510 684 1581 685 1582 685 280 685 303 686 1583 686 1368 686 1584 687 1585 687 413 687 1545 688 1586 688 1518 688 1587 689 152 689 148 689 1006 690 1588 690 1163 690 1589 691 1128 691 1130 691 1426 692 65 692 1427 692 1481 693 1512 693 1455 693 236 694 703 694 237 694 1590 695 1591 695 706 695 1592 696 600 696 1593 696 1594 697 109 697 937 697 286 698 1595 698 911 698 1596 699 1597 699 1598 699 876 700 1599 700 877 700 1600 701 77 701 1601 701 195 702 1602 702 596 702 744 703 1603 703 742 703 388 704 81 704 83 704 1604 705 1264 705 249 705 1292 706 1605 706 457 706 1606 707 1607 707 1608 707 1609 708 1610 708 1027 708 1611 709 943 709 944 709 293 710 1612 710 1613 710 1614 711 1615 711 1105 711 1616 712 301 712 982 712 1617 713 1349 713 702 713 1564 714 224 714 1618 714 1619 715 571 715 241 715 1620 716 1450 716 1621 716 1622 717 327 717 1623 717 1624 718 1623 718 1625 718 645 719 1626 719 1474 719 705 720 1590 720 706 720 1477 721 1404 721 1240 721 1627 722 1601 722 821 722 1628 723 300 723 1500 723 108 724 1519 724 1629 724 458 725 1630 725 459 725 1631 726 946 726 1388 726 684 727 1632 727 1633 727 405 728 1634 728 114 728 1192 24 1635 24 1190 24 1636 729 1637 729 72 729 1638 730 761 730 1144 730 1639 731 860 731 1640 731 1641 732 1642 732 1118 732 1643 733 1644 733 871 733 257 734 1645 734 607 734 1646 735 1647 735 1288 735 1648 736 1127 736 1343 736 1649 737 1650 737 512 737 179 738 1651 738 1652 738 322 739 1653 739 1654 739 1655 740 1656 740 646 740 1657 741 1625 741 151 741 231 742 1658 742 1659 742 1660 743 1661 743 1428 743 1662 744 784 744 1263 744 1663 745 736 745 1305 745 1664 746 1467 746 1034 746 197 747 1611 747 198 747 1665 748 1432 748 1360 748 1666 749 910 749 602 749 889 163 1042 163 890 163 895 750 1667 750 437 750 1124 751 1308 751 1281 751 503 752 1206 752 501 752 265 753 1535 753 1668 753 967 754 1621 754 968 754 955 755 161 755 1669 755 1670 756 371 756 1357 756 566 757 1671 757 1672 757 1673 758 339 758 1674 758 724 759 1675 759 995 759 1676 760 1677 760 1678 760 1679 761 1680 761 1596 761 1681 762 620 762 1066 762 777 763 1524 763 1682 763 1683 764 589 764 1515 764 927 765 1684 765 1649 765 1685 766 1686 766 1687 766 1688 767 1689 767 1690 767 132 768 1691 768 1692 768 1693 769 1026 769 1028 769 1197 770 1694 770 1695 770 715 771 434 771 436 771 93 772 1235 772 1237 772 164 773 1691 773 1696 773 1249 774 1697 774 1250 774 1150 775 1698 775 1699 775 1700 776 863 776 402 776 1557 777 1701 777 1702 777 869 778 1293 778 1294 778 27 779 1703 779 1704 779 1705 780 1706 780 443 780 1707 781 1708 781 919 781 500 782 1709 782 260 782 1710 783 1711 783 1364 783 1712 784 1713 784 338 784 1714 785 685 785 687 785 1573 786 393 786 1715 786 488 24 1204 24 489 24 1716 787 1717 787 801 787 1718 788 1719 788 1720 788 1439 789 1489 789 1440 789 1721 790 1374 790 993 790 1722 791 480 791 1717 791 833 24 1383 24 1385 24 1723 792 214 792 216 792 1724 793 1725 793 1504 793 708 794 306 794 305 794 934 795 1726 795 935 795 1727 796 1728 796 1729 796 1730 797 472 797 573 797 1731 798 1732 798 212 798 1733 799 1734 799 1735 799 1736 800 1398 800 1534 800 1704 801 1737 801 1738 801 1271 802 1739 802 1740 802 1741 803 1742 803 1743 803 1744 804 1745 804 1641 804 1409 144 1039 144 1041 144 124 805 1746 805 168 805 1740 806 1747 806 1723 806 1748 807 1674 807 862 807 1399 808 506 808 508 808 875 809 1749 809 1581 809 1750 810 1751 810 584 810 766 811 667 811 1541 811 1378 812 1752 812 1753 812 1754 813 1381 813 370 813 896 814 1755 814 1316 814 1527 24 518 24 520 24 1756 815 729 815 732 815 1757 816 225 816 1742 816 1758 817 878 817 1759 817 1553 818 1760 818 680 818 564 819 1761 819 1762 819 1679 820 802 820 1763 820 1764 821 1501 821 1083 821 1765 822 930 822 1766 822 1767 823 1406 823 1768 823 981 824 1769 824 171 824 1654 825 1770 825 1521 825 1395 24 1145 24 1393 24 1771 826 1772 826 479 826 1495 827 1772 827 1773 827 1570 287 1774 287 1169 287 713 828 1775 828 45 828 298 829 1776 829 643 829 392 830 1777 830 390 830 33 831 496 831 1778 831 592 832 1779 832 1405 832 1129 833 1780 833 1781 833 1782 834 1485 834 1644 834 737 835 739 835 277 835 350 836 1783 836 515 836 1258 837 1784 837 1707 837 1785 838 1766 838 130 838 954 839 1786 839 1274 839 1675 163 1787 163 995 163 1788 840 247 840 58 840 996 841 1789 841 1790 841 1304 842 1791 842 1302 842 867 843 1792 843 774 843 1793 844 1794 844 611 844 1702 845 1795 845 1511 845 62 846 1796 846 1575 846 1797 847 1798 847 78 847 1799 848 1800 848 529 848 1537 849 850 849 1538 849 1801 850 988 850 246 850 859 851 779 851 778 851 1598 852 1802 852 1543 852 1803 853 1735 853 1345 853 511 854 1804 854 509 854 1633 855 1805 855 590 855 1032 856 1806 856 1731 856 1446 857 1807 857 1799 857 728 858 1640 858 239 858 1045 24 407 24 1043 24 1186 859 626 859 153 859 1808 860 898 860 1266 860 1809 861 1810 861 1591 861 1811 862 874 862 1566 862 1812 863 1714 863 1408 863 23 864 1813 864 1814 864 1329 865 1815 865 184 865 1816 257 1168 257 211 257 107 866 1817 866 856 866 1741 867 1647 867 1818 867 557 24 649 24 651 24 1819 868 1135 868 1820 868 1821 869 1498 869 1734 869 1822 870 1823 870 1824 870 330 871 1825 871 497 871 1826 872 1827 872 277 872 1056 873 1828 873 1577 873 924 874 1829 874 1830 874 1831 875 746 875 818 875 186 876 1832 876 1712 876 1690 24 1833 24 1727 24 1834 877 1835 877 975 877 1506 878 1836 878 1837 878 1838 879 994 879 314 879 1839 880 1768 880 686 880 1840 881 273 881 175 881 1 882 1841 882 547 882 1842 883 1843 883 1414 883 317 884 1824 884 1823 884 907 885 1259 885 1261 885 1352 886 1844 886 1710 886 793 887 524 887 526 887 1695 888 1845 888 1822 888 1532 428 1846 428 1530 428 1847 889 181 889 1260 889 1787 890 1848 890 996 890 140 891 1192 891 1191 891 1532 892 1180 892 1179 892 1076 893 935 893 1726 893 523 894 1608 894 1607 894 0 895 7 895 1 895 3 896 1849 896 4 896 6 144 1 144 7 144 9 897 210 897 10 897 12 898 1050 898 13 898 15 899 1164 899 16 899 18 900 238 900 19 900 21 901 1443 901 22 901 24 902 1282 902 25 902 27 903 1228 903 28 903 30 904 1558 904 31 904 35 24 536 24 1850 24 1850 905 494 905 35 905 494 906 33 906 35 906 36 907 1851 907 37 907 39 908 952 908 40 908 42 909 264 909 43 909 45 910 1775 910 46 910 48 911 1363 911 49 911 51 912 1332 912 52 912 54 913 1193 913 55 913 57 19 1788 19 58 19 60 914 1203 914 61 914 63 196 1252 196 64 196 66 915 498 915 67 915 69 916 1049 916 70 916 72 24 1637 24 73 24 75 917 1852 917 76 917 78 918 1798 918 79 918 81 919 1853 919 82 919 84 920 1510 920 85 920 87 29 1750 29 88 29 90 921 1567 921 91 921 93 922 1854 922 94 922 96 923 464 923 97 923 99 924 1482 924 100 924 102 925 1111 925 103 925 105 35 180 35 106 35 108 926 1629 926 109 926 111 927 608 927 112 927 114 928 1634 928 115 928 117 929 1113 929 118 929 120 930 1195 930 121 930 123 931 1123 931 124 931 126 932 1094 932 127 932 129 933 1785 933 130 933 132 934 1692 934 133 934 135 935 1855 935 1856 935 136 936 1857 936 1858 936 135 937 1856 937 136 937 1859 938 1860 938 135 938 1858 939 137 939 136 939 137 940 1859 940 135 940 138 941 1635 941 139 941 141 942 1103 942 142 942 144 943 1444 943 145 943 147 944 1587 944 148 944 150 945 1657 945 151 945 153 946 626 946 154 946 156 947 213 947 157 947 159 948 1861 948 160 948 162 949 1392 949 163 949 165 950 1862 950 166 950 168 951 1746 951 169 951 171 952 1769 952 172 952 174 953 1840 953 175 953 89 954 88 954 177 954 179 955 1652 955 180 955 181 956 1863 956 182 956 184 957 1815 957 185 957 187 958 1864 958 188 958 190 959 1214 959 191 959 193 960 203 960 194 960 196 66 365 66 197 66 199 389 336 389 200 389 202 961 1509 961 203 961 204 962 1334 962 205 962 207 963 1516 963 208 963 210 964 1816 964 211 964 212 965 1732 965 213 965 214 966 1095 966 215 966 217 967 920 967 218 967 220 968 1568 968 221 968 223 969 1618 969 224 969 226 970 1793 970 227 970 229 24 865 24 230 24 232 971 1865 971 233 971 235 972 754 972 236 972 238 973 728 973 239 973 240 974 1619 974 241 974 243 975 199 975 201 975 245 976 1801 976 246 976 248 977 1604 977 249 977 251 978 972 978 252 978 254 979 1552 979 255 979 257 980 321 980 258 980 260 981 1709 981 261 981 42 982 1463 982 263 982 265 983 1668 983 266 983 268 90 656 90 269 90 271 984 1422 984 272 984 274 985 743 985 275 985 277 986 1827 986 278 986 280 987 1582 987 12 987 281 988 1559 988 282 988 284 989 1562 989 285 989 287 990 965 990 288 990 290 991 662 991 291 991 293 992 1042 992 294 992 296 100 1452 100 297 100 299 101 207 101 209 101 301 993 1866 993 302 993 304 103 1331 103 305 103 158 994 157 994 307 994 309 995 1867 995 310 995 1838 996 314 996 313 996 314 997 1269 997 312 997 1269 998 1868 998 312 998 315 999 332 999 316 999 318 1000 528 1000 319 1000 321 148 1869 148 322 148 323 1001 749 1001 324 1001 326 1002 240 1002 242 1002 328 111 1522 111 329 111 331 1003 681 1003 332 1003 333 1004 1460 1004 334 1004 336 1005 1336 1005 337 1005 338 1006 1713 1006 339 1006 341 1007 848 1007 342 1007 344 1008 1870 1008 345 1008 347 1009 1871 1009 348 1009 350 1010 401 1010 351 1010 353 120 688 120 354 120 356 24 1325 24 357 24 359 1011 1872 1011 360 1011 289 1012 288 1012 362 1012 364 1013 1072 1013 365 1013 366 1014 1574 1014 367 1014 369 125 1754 125 370 125 372 1015 1082 1015 373 1015 375 127 1265 127 376 127 378 1016 1873 1016 379 1016 381 1017 950 1017 382 1017 384 1018 1549 1018 385 1018 387 1019 1874 1019 388 1019 390 24 1719 24 391 24 0 1020 1875 1020 393 1020 395 1021 1514 1021 396 1021 398 1022 932 1022 399 1022 401 1023 1700 1023 402 1023 403 1024 505 1024 404 1024 406 1025 1876 1025 281 1025 407 1026 1877 1026 408 1026 410 1027 1355 1027 411 1027 413 1028 1585 1028 414 1028 416 1029 1420 1029 417 1029 419 142 1187 142 420 142 422 1030 1878 1030 423 1030 425 144 1469 144 1468 144 1468 1031 426 1031 425 1031 426 1032 718 1032 427 1032 428 1033 785 1033 429 1033 178 1034 177 1034 431 1034 383 1035 1022 1035 433 1035 434 148 1879 148 435 148 437 149 1667 149 438 149 440 24 679 24 441 24 443 1036 1706 1036 444 1036 446 1037 474 1037 447 1037 449 1038 1330 1038 450 1038 452 154 1064 154 453 154 439 1039 438 1039 455 1039 459 24 1239 24 1290 24 1290 1040 1292 1040 459 1040 1292 1041 457 1041 459 1041 460 1042 949 1042 461 1042 463 1043 1369 1043 464 1043 465 148 1870 148 344 148 467 1044 1880 1044 1881 1044 1880 1045 1882 1045 1881 1045 1883 1045 1884 1045 468 1045 1884 1046 469 1046 468 1046 467 24 1881 24 468 24 470 1047 1284 1047 471 1047 473 24 610 24 474 24 475 24 1885 24 1886 24 477 24 1887 24 1888 24 1887 24 1889 24 1888 24 475 24 1886 24 476 24 477 24 1888 24 475 24 478 1048 1771 1048 479 1048 482 24 1890 24 1891 24 1890 24 1892 24 1891 24 1893 24 1894 24 483 24 1894 24 481 24 483 24 482 24 1891 24 483 24 484 162 1895 162 485 162 487 163 1896 163 488 163 490 163 1862 163 165 163 99 1049 101 1049 492 1049 494 1050 1850 1050 495 1050 497 1051 1825 1051 498 1051 419 1052 421 1052 499 1052 501 168 1550 168 502 168 504 1053 974 1053 505 1053 506 1054 1897 1054 507 1054 509 1055 1579 1055 510 1055 512 1056 1650 1056 513 1056 515 1057 1783 1057 516 1057 518 1058 1898 1058 519 1058 521 1059 1899 1059 522 1059 524 1060 1148 1060 525 1060 318 1061 1900 1061 527 1061 529 178 1800 178 530 178 532 1062 1424 1062 533 1062 35 1063 1901 1063 535 1063 319 1064 1902 1064 537 1064 538 1065 1251 1065 539 1065 541 183 1306 183 542 183 544 1066 551 1066 545 1066 547 1067 1841 1067 548 1067 550 1068 545 1068 551 1068 441 1069 1903 1069 553 1069 554 1070 1207 1070 555 1070 557 1071 1904 1071 558 1071 560 1072 1547 1072 561 1072 563 24 1905 24 564 24 566 1073 1672 1073 567 1073 569 1074 1016 1074 570 1074 572 193 1730 193 573 193 575 194 1906 194 576 194 578 1075 1115 1075 579 1075 581 196 1907 196 582 196 584 197 1751 197 585 197 587 1076 599 1076 588 1076 590 1077 1805 1077 591 1077 593 1078 1447 1078 594 1078 312 24 425 24 427 24 596 201 1602 201 597 201 599 1079 1593 1079 600 1079 601 1080 1666 1080 602 1080 604 204 902 204 605 204 607 1081 1645 1081 608 1081 609 1082 1908 1082 610 1082 611 1083 1794 1083 612 1083 614 1084 849 1084 615 1084 617 1085 1909 1085 618 1085 432 1086 431 1086 620 1086 622 1087 1437 1087 623 1087 501 1088 1206 1088 1382 1088 1382 1089 900 1089 501 1089 900 24 1337 24 501 24 1337 24 635 24 1550 24 635 24 455 24 1287 24 455 1090 438 1090 1646 1090 438 24 1667 24 1818 24 1667 24 894 24 1741 24 894 24 1438 24 1757 24 1438 24 1077 24 223 24 1077 24 775 24 1618 24 223 24 1077 24 1618 24 775 24 1792 24 1564 24 1792 24 866 24 764 24 1618 24 775 24 1564 24 866 1091 658 1091 762 1091 894 24 1757 24 1741 24 635 24 1287 24 1550 24 438 24 1818 24 1646 24 1550 24 501 24 1337 24 1438 24 223 24 1757 24 1646 1092 1287 1092 455 1092 658 24 841 24 493 24 1564 24 1792 24 764 24 1741 24 1818 24 1667 24 1353 1093 1352 1093 1910 1093 1352 24 1710 24 1910 24 1710 1094 1364 1094 1576 1094 1364 24 625 24 627 24 1576 24 1364 24 627 24 625 1095 254 1095 154 1095 254 1096 256 1096 1355 1096 256 1097 1273 1097 411 1097 1273 1098 244 1098 411 1098 244 1099 201 1099 1638 1099 201 1100 200 1100 760 1100 1638 24 201 24 760 24 200 24 337 24 90 24 337 1101 292 1101 1567 1101 90 24 337 24 1567 24 292 1102 291 1102 126 1102 291 24 579 24 1094 24 126 1103 291 1103 1094 1103 579 1104 1115 1104 1093 1104 1115 24 1744 24 1279 24 1093 1105 1115 1105 1279 1105 1744 24 1641 24 1074 24 1641 1106 1118 1106 656 1106 1074 1107 1641 1107 656 1107 1118 24 1120 24 269 24 1120 1108 1911 1108 429 1108 269 24 1120 24 429 24 1911 1109 1386 1109 430 1109 1386 24 908 24 1474 24 430 1110 1386 1110 1474 1110 908 1111 1666 1111 643 1111 1666 1112 601 1112 298 1112 601 1113 812 1113 298 1113 812 24 814 24 296 24 298 1114 812 1114 296 1114 814 1115 628 1115 368 1115 628 1116 630 1116 366 1116 630 1117 766 1117 366 1117 766 24 1541 24 1573 24 366 1118 766 1118 1573 1118 1541 1119 394 1119 1573 1119 628 1120 366 1120 368 1120 1666 1121 298 1121 643 1121 764 1122 866 1122 762 1122 841 24 307 24 99 24 762 1123 658 1123 493 1123 307 24 157 24 1482 24 493 24 841 24 99 24 157 24 213 24 1221 24 307 24 1482 24 99 24 213 24 1732 24 17 24 157 24 1221 24 1482 24 17 24 1221 24 213 24 1163 24 15 24 1806 24 15 24 17 24 1732 24 1806 24 15 24 1732 24 936 24 1006 24 172 24 1006 1124 1163 1124 1031 1124 172 24 1006 24 1031 24 110 24 1594 24 983 24 1594 24 936 24 1769 24 1520 1125 108 1125 301 1125 108 1126 110 1126 982 1126 301 1127 108 1127 982 1127 1545 1128 1518 1128 303 1128 1518 24 1520 24 303 24 1598 1129 1543 1129 96 1129 1543 1130 1545 1130 463 1130 96 1131 1543 1131 463 1131 1679 1132 1596 1132 98 1132 1596 1133 1598 1133 98 1133 1716 1134 800 1134 1714 1134 800 24 1679 24 1408 24 1714 24 800 24 1408 24 478 1135 1722 1135 687 1135 1722 1136 1716 1136 687 1136 1773 24 1771 24 1406 24 1771 1137 478 1137 1768 1137 1406 24 1771 24 1768 24 1121 1138 1495 1138 1779 1138 1495 24 1773 24 1779 24 1170 1139 806 1139 1632 1139 806 1140 1121 1140 1805 1140 1632 1141 806 1141 1805 1141 1570 24 1169 24 1353 24 1169 24 1170 24 683 24 1353 1142 1169 1142 683 1142 1910 1143 1570 1143 1353 1143 1779 24 1773 24 1406 24 687 24 1716 24 1714 24 98 1144 1598 1144 96 1144 303 24 1520 24 301 24 1594 24 1769 24 983 24 936 24 172 24 1769 24 814 24 368 24 1451 24 1806 1145 1031 1145 1163 1145 814 1120 1451 1120 296 1120 908 1146 643 1146 645 1146 110 1147 983 1147 982 1147 908 24 645 24 1474 24 1911 1148 430 1148 429 1148 1545 1149 303 1149 1368 1149 1545 1150 1368 1150 463 1150 1118 24 269 24 656 24 1679 24 98 24 940 24 1744 24 1074 24 1279 24 1679 24 940 24 1408 24 579 1151 1093 1151 1094 1151 478 1152 687 1152 686 1152 478 24 686 24 1768 24 292 1153 126 1153 1567 1153 200 1154 90 1154 760 1154 1121 1155 1779 1155 591 1155 1121 1156 591 1156 1805 1156 244 1157 1638 1157 411 1157 1170 1158 1632 1158 683 1158 256 1159 411 1159 1355 1159 1576 1160 1910 1160 1710 1160 254 1161 1355 1161 154 1161 625 1162 154 1162 626 1162 628 1163 1441 1163 629 1163 631 1164 1912 1164 347 1164 632 215 1483 215 633 215 456 216 455 216 635 216 637 1165 707 1165 638 1165 640 218 1280 218 641 218 643 1166 1776 1166 644 1166 646 220 1656 220 647 220 649 1167 1913 1167 650 1167 652 1168 1157 1168 653 1168 655 223 1074 223 656 223 657 1169 841 1169 658 1169 68 1170 67 1170 660 1170 580 1171 579 1171 291 1171 567 1172 1914 1172 663 1172 664 1173 1915 1173 665 1173 7 1174 1541 1174 667 1174 668 1175 333 1175 335 1175 670 231 129 231 131 231 672 1176 1421 1176 673 1176 675 1177 1060 1177 676 1177 440 1178 1916 1178 678 1178 680 1179 1760 1179 681 1179 682 1180 1353 1180 683 1180 685 1181 1839 1181 686 1181 959 24 961 24 1468 24 961 1182 143 1182 426 1182 1468 24 961 24 426 24 143 1183 142 1183 1514 1183 142 1184 1104 1184 1514 1184 1104 1185 1339 1185 587 1185 1339 1186 624 1186 599 1186 624 24 623 24 1593 24 623 1187 1462 1187 1593 1187 1462 1188 417 1188 1113 1188 417 1189 1420 1189 118 1189 1420 1190 672 1190 798 1190 672 1191 674 1191 798 1191 674 24 1525 24 1426 24 1525 1192 777 1192 1426 1192 777 1193 63 1193 1426 1193 1319 24 959 24 1468 24 222 24 221 24 1664 24 221 24 1319 24 1917 24 1664 24 221 24 1917 24 752 1194 1413 1194 1057 1194 1413 24 222 24 1033 24 1450 24 753 24 1422 24 753 24 752 24 1300 24 1422 24 753 24 1300 24 968 1195 1621 1195 1840 1195 1621 1196 1450 1196 271 1196 1840 1197 1621 1197 271 1197 49 24 966 24 1490 24 966 24 968 24 174 24 174 1198 968 1198 1840 1198 50 1199 49 1199 1379 1199 1413 1200 1033 1200 1057 1200 674 24 1426 24 1309 24 674 24 1309 24 798 24 222 1201 1664 1201 1033 1201 966 1202 174 1202 1490 1202 944 1203 50 1203 1754 1203 1420 24 798 24 118 24 1611 24 944 24 369 24 417 1204 118 1204 1113 1204 689 24 11 24 917 24 11 1205 10 1205 917 1205 1502 1206 826 1206 1361 1206 826 24 689 24 688 24 1361 24 826 24 688 24 976 1207 1835 1207 555 1207 1835 24 1502 24 555 24 654 1208 653 1208 1008 1208 653 24 976 24 1208 24 1008 1209 653 1209 1208 1209 1440 24 1489 24 1256 24 1489 1210 654 1210 1256 1210 675 24 677 24 1558 24 677 1211 1440 1211 830 1211 1558 1212 677 1212 830 1212 30 1213 1059 1213 675 1213 1558 1214 30 1214 675 1214 1462 1215 1113 1215 1592 1215 1462 24 1592 24 1593 24 624 24 1593 24 599 24 1242 1216 830 1216 1440 1216 1256 1217 1242 1217 1440 1217 1339 1218 599 1218 587 1218 1008 1219 1256 1219 654 1219 1104 1220 587 1220 1683 1220 1104 1221 1683 1221 1514 1221 143 1222 1514 1222 395 1222 1207 24 1208 24 976 24 555 1223 1207 1223 976 1223 143 1224 395 1224 426 1224 1361 24 555 24 1502 24 1319 1225 1468 1225 1917 1225 752 1226 1057 1226 1300 1226 1422 24 271 24 1450 24 49 24 1490 24 1379 24 198 24 1611 24 1670 24 50 1227 1379 1227 1754 1227 196 1228 198 1228 1356 1228 944 1229 1754 1229 369 1229 369 1230 1670 1230 1611 1230 1670 1231 1356 1231 198 1231 1356 24 782 24 196 24 782 1232 1662 1232 364 1232 1662 1233 1262 1233 1071 1233 1262 1234 1604 1234 1160 1234 1071 1235 1262 1235 1160 1235 1604 1236 248 1236 1158 1236 248 24 1559 24 1168 24 1158 1237 248 1237 1168 1237 1559 24 281 24 211 24 281 1238 1876 1238 10 1238 211 1239 281 1239 10 1239 1876 1240 917 1240 10 1240 782 1241 364 1241 196 1241 364 24 1662 24 1071 24 1160 1242 1604 1242 1158 1242 211 24 1168 24 1559 24 689 1243 917 1243 354 1243 386 1244 385 1244 690 1244 692 1245 1918 1245 693 1245 695 1246 1125 1246 696 1246 698 1247 1919 1247 699 1247 701 1248 1617 1248 702 1248 1810 1249 886 1249 86 1249 86 1250 85 1250 1810 1250 85 1251 1920 1251 1810 1251 1920 24 838 24 1591 24 838 24 704 24 706 24 1920 1252 1591 1252 1810 1252 704 1253 1821 1253 699 1253 1821 1254 1733 1254 1921 1254 1733 1255 1803 1255 1921 1255 1921 24 1922 24 699 24 1922 1256 787 1256 700 1256 1922 1257 700 1257 699 1257 1821 24 1921 24 699 24 1591 1258 838 1258 706 1258 704 1259 699 1259 705 1259 707 1260 1923 1260 708 1260 709 1261 947 1261 710 1261 192 245 191 245 712 245 699 1262 1919 1262 714 1262 689 247 827 247 9 247 435 24 843 24 715 24 116 1263 115 1263 716 1263 426 1264 395 1264 397 1264 719 1265 1021 1265 720 1265 722 1266 1924 1266 723 1266 725 1267 1140 1267 726 1267 794 1268 771 1268 733 1268 18 1269 794 1269 733 1269 728 1270 238 1270 732 1270 238 24 18 24 733 24 858 1271 1639 1271 730 1271 1639 24 728 24 730 24 779 1272 1925 1272 539 1272 1925 1273 858 1273 540 1273 63 1274 777 1274 779 1274 1252 1275 63 1275 779 1275 1925 1276 540 1276 539 1276 238 24 733 24 732 24 539 1277 1252 1277 779 1277 728 1278 732 1278 729 1278 730 1279 540 1279 858 1279 731 1280 1756 1280 732 1280 734 255 1410 255 735 255 737 1281 1189 1281 738 1281 740 1282 593 1282 595 1282 742 1283 275 1283 743 1283 523 24 1607 24 745 24 577 1284 576 1284 746 1284 748 1285 1086 1285 730 1285 749 1286 1926 1286 750 1286 751 1287 1423 1287 752 1287 634 1288 633 1288 754 1288 756 1289 758 1289 1926 1289 1926 1290 749 1290 756 1290 749 24 323 24 756 24 757 1291 1927 1291 758 1291 759 1292 1928 1292 378 1292 760 1293 90 1293 92 1293 762 1294 1929 1294 763 1294 630 1295 629 1295 765 1295 767 1296 1143 1296 768 1296 770 1297 731 1297 733 1297 167 1298 166 1298 772 1298 774 1299 1792 1299 775 1299 777 1300 1682 1300 778 1300 423 144 1878 144 780 144 782 275 1356 275 783 275 270 1301 269 1301 429 1301 786 1302 698 1302 700 1302 788 1303 1930 1303 789 1303 791 1304 942 1304 792 1304 794 1305 18 1305 20 1305 514 1306 513 1306 796 1306 119 1307 118 1307 798 1307 800 1308 1716 1308 801 1308 803 1309 1020 1309 804 1309 806 1310 1170 1310 807 1310 809 1311 1459 1311 810 1311 812 1312 1018 1312 813 1312 815 1313 786 1313 787 1313 817 1314 1831 1314 818 1314 820 1315 1627 1315 821 1315 823 1316 1931 1316 824 1316 826 292 1503 292 827 292 582 1317 1907 1317 828 1317 830 1318 1242 1318 831 1318 833 1319 1932 1319 834 1319 836 1320 69 1320 71 1320 838 1321 1920 1321 839 1321 308 1322 307 1322 841 1322 435 1323 1879 1323 842 1323 844 1324 1025 1324 845 1324 847 1325 1933 1325 848 1325 341 1326 343 1326 1311 1326 1311 1327 615 1327 341 1327 615 24 849 24 341 24 850 1328 1934 1328 851 1328 853 1329 1906 1329 575 1329 1089 24 1362 24 1228 24 1362 24 768 24 648 24 648 1330 768 1330 646 1330 768 24 1143 24 646 24 1143 1331 1142 1331 1655 1331 1142 1332 921 1332 561 1332 921 1333 1852 1333 561 1333 1852 24 75 24 562 24 75 24 1600 24 1485 24 562 1334 75 1334 1485 1334 1600 24 1627 24 1644 24 1627 24 820 24 871 24 1600 1335 1644 1335 1485 1335 820 24 1463 24 872 24 1463 1336 42 1336 884 1336 820 1337 872 1337 871 1337 42 1338 44 1338 882 1338 44 1339 855 1339 857 1339 42 1340 882 1340 884 1340 855 24 904 24 107 24 904 24 950 24 105 24 105 1341 950 1341 179 1341 950 1342 381 1342 179 1342 381 1343 433 1343 179 1343 433 24 1021 24 1141 24 1021 24 719 24 726 24 1141 1344 1021 1344 726 1344 719 24 1539 24 727 24 1539 24 1410 24 183 24 719 24 727 24 726 24 1410 1345 734 1345 1260 1345 734 24 1663 24 1261 24 1261 1346 1663 1346 907 1346 1663 24 541 24 907 24 541 24 543 24 905 24 543 24 1318 24 905 24 1318 1347 120 1347 1247 1347 905 24 1318 24 1247 24 120 1348 122 1348 549 1348 122 1349 2 1349 547 1349 120 1350 549 1350 1247 1350 2 1351 1 1351 547 1351 547 1352 549 1352 122 1352 541 1353 905 1353 907 1353 1143 1354 1655 1354 646 1354 952 24 1089 24 27 24 1738 1355 40 1355 1704 1355 40 24 952 24 1704 24 1362 24 648 24 1228 24 1627 1356 871 1356 1644 1356 179 1357 433 1357 1141 1357 27 24 1704 24 952 24 1228 24 27 24 1089 24 734 1358 1261 1358 1260 1358 561 24 1655 24 1142 24 1410 1359 1260 1359 181 1359 1410 24 181 24 183 24 562 1360 561 1360 1852 1360 183 24 727 24 1539 24 872 24 1463 24 884 24 904 1361 105 1361 107 1361 882 1362 44 1362 857 1362 855 1363 107 1363 856 1363 858 1364 1925 1364 859 1364 861 1365 1748 1365 862 1365 586 1366 585 1366 84 1366 864 1367 1935 1367 865 1367 659 1368 658 1368 866 1368 797 1369 796 1369 868 1369 870 1370 1643 1370 871 1370 873 312 375 312 377 312 218 24 920 24 51 24 920 24 1708 24 811 24 1708 24 1784 24 811 24 1784 24 1257 24 809 24 811 1371 1784 1371 809 1371 1257 1372 424 1372 844 1372 424 1373 423 1373 1024 1373 423 1374 781 1374 1432 1374 781 1375 1936 1375 1432 1375 1936 1376 997 1376 1052 1376 997 24 1267 24 1053 24 1267 1377 1036 1377 1053 1377 1036 1378 1280 1378 1127 1378 1053 24 1036 24 1127 24 1280 24 640 24 56 24 640 24 1285 24 56 24 1285 24 1062 24 54 24 1062 1379 875 1379 877 1379 54 24 1062 24 877 24 875 1380 1581 1380 1011 1380 1581 1381 280 1381 1314 1381 280 24 14 24 1350 24 14 1382 13 1382 1350 1382 13 1383 1049 1383 1213 1383 1049 1384 69 1384 1132 1384 69 1385 836 1385 1132 1385 836 24 1001 24 1133 24 1132 1386 836 1386 1133 1386 1001 24 1187 24 525 24 1187 24 419 24 526 24 419 1271 500 1271 793 1271 500 24 260 24 793 24 260 1387 262 1387 941 1387 262 1388 1200 1388 1209 1388 1200 1389 1202 1389 1209 1389 1202 1390 491 1390 1316 1390 1209 1391 1202 1391 1316 1391 491 1392 896 1392 1316 1392 262 1393 1209 1393 941 1393 1187 24 526 24 525 24 1049 1394 1132 1394 1213 1394 1581 1395 1314 1395 1011 1395 56 24 1285 24 54 24 997 1396 1053 1396 1052 1396 424 1397 1024 1397 844 1397 920 24 811 24 51 24 51 24 53 24 218 24 260 24 941 24 791 24 260 1398 791 1398 793 1398 846 24 809 24 1257 24 844 1399 846 1399 1257 1399 419 24 793 24 526 24 1432 24 1024 24 423 24 1001 24 525 24 1149 24 1360 1400 1432 1400 1936 1400 1001 24 1149 24 1133 24 1052 1401 1360 1401 1936 1401 13 24 1213 24 1212 24 13 1402 1212 1402 1350 1402 1343 1403 1127 1403 1280 1403 56 1404 1343 1404 1280 1404 280 1405 1350 1405 1314 1405 875 1406 1011 1406 876 1406 878 24 1937 24 879 24 546 1407 1938 1407 881 1407 882 1408 1376 1408 883 1408 44 1409 43 1409 885 1409 613 1410 612 1410 886 1410 888 1411 1030 1411 889 1411 891 1412 1928 1412 759 1412 893 1413 1438 1413 894 1413 165 1414 1454 1414 896 1414 897 321 147 321 149 321 899 322 1337 322 900 322 817 1415 819 1415 902 1415 884 324 883 324 870 324 855 1416 885 1416 903 1416 905 1417 1248 1417 906 1417 908 1418 1386 1418 909 1418 911 1419 1595 1419 912 1419 856 1420 1817 1420 914 1420 415 1421 414 1421 915 1421 917 1422 1876 1422 406 1422 919 1423 1708 1423 920 1423 76 1424 1852 1424 921 1424 923 24 1939 24 924 24 113 1425 112 1425 926 1425 928 1426 1372 1426 929 1426 183 1427 182 1427 725 1427 931 1428 1470 1428 932 1428 933 24 1940 24 934 24 936 1429 1594 1429 937 1429 98 1430 97 1430 939 1430 941 1431 1210 1431 942 1431 943 1432 48 1432 50 1432 945 1433 531 1433 530 1433 947 1434 1425 1434 948 1434 913 1435 912 1435 949 1435 904 345 903 345 382 345 951 1436 1089 1436 952 1436 228 1437 227 1437 953 1437 957 24 1435 24 1861 24 1861 1438 159 1438 957 1438 159 1439 955 1439 957 1439 958 1440 1361 1440 688 1440 959 1441 1320 1441 960 1441 962 1442 1569 1442 963 1442 717 1443 716 1443 965 1443 966 1444 1941 1444 967 1444 969 1445 1942 1445 970 1445 790 1446 789 1446 972 1446 973 612 1234 612 974 612 975 1447 1835 1447 976 1447 978 1448 1943 1448 979 1448 981 1449 1616 1449 982 1449 984 1450 1944 1450 985 1450 987 1451 695 1451 697 1451 989 1452 1945 1452 990 1452 992 1453 1721 1453 993 1453 995 24 1787 24 996 24 996 1454 1790 1454 722 1454 722 1455 724 1455 996 1455 997 1456 1936 1456 998 1456 829 1457 1153 1457 583 1457 1000 1458 1901 1458 35 1458 1001 1459 836 1459 837 1459 1003 1460 1184 1460 1004 1460 1006 1461 936 1461 938 1461 1008 1462 1208 1462 1009 1462 1011 1463 1315 1463 1012 1463 970 144 1944 144 984 144 1013 1464 1480 1464 1014 1464 1016 1465 1268 1465 1017 1465 812 1466 601 1466 603 1466 1019 1467 1946 1467 804 1467 1021 1468 433 1468 1022 1468 205 1469 1947 1469 1023 1469 1024 1470 1431 1470 1025 1470 597 1471 30 1471 32 1471 1026 1472 1609 1472 1027 1472 1029 381 1948 381 1030 381 173 1473 172 1473 1031 1473 1033 1474 1664 1474 1034 1474 1036 1475 1267 1475 1037 1475 1039 1476 1458 1476 1040 1476 293 348 1613 348 1029 348 1029 1477 888 1477 293 1477 888 24 890 24 293 24 1043 1478 1949 1478 1044 1478 1046 387 1182 387 1047 387 1049 388 13 388 1050 388 1051 1479 1359 1479 1052 1479 1054 1480 1375 1480 1055 1480 1057 1481 1033 1481 1035 1481 1059 1482 1950 1482 1060 1482 349 24 348 24 1951 24 1951 1483 1496 1483 349 1483 1496 1484 1061 1484 349 1484 1062 1485 1286 1485 1063 1485 1064 1486 47 1486 46 1486 1065 396 1681 396 1066 396 1068 1487 1952 1487 1069 1487 1071 1488 1953 1488 1072 1488 1073 1489 1279 1489 1074 1489 1075 1490 1940 1490 933 1490 776 1491 775 1491 1077 1491 1079 1492 1954 1492 923 1492 74 1493 73 1493 1080 1493 1082 403 1764 403 1083 403 462 1494 461 1494 1084 1494 1086 1495 538 1495 540 1495 1087 163 1875 163 0 163 492 1496 1929 1496 762 1496 998 1497 1936 1497 781 1497 1088 1498 1362 1498 1089 1498 1090 1499 1303 1499 1091 1499 1093 1500 1278 1500 127 1500 1095 1501 1461 1501 1096 1501 1097 1502 1198 1502 1098 1502 1100 1503 1322 1503 1101 1503 1103 1504 1338 1504 1104 1504 1105 1505 1615 1505 1106 1505 1108 416 1162 416 1109 416 146 1506 145 1506 267 1506 1111 1507 57 1507 59 1507 1112 1508 1592 1508 1113 1508 1114 1509 1744 1509 1115 1509 451 1510 450 1510 1116 1510 1118 1511 1642 1511 1119 1511 1121 1512 806 1512 808 1512 1831 24 817 24 1270 24 817 1513 604 1513 1739 1513 1270 1514 817 1514 1739 1514 604 24 606 24 1747 24 606 24 26 24 214 24 1747 24 606 24 214 24 26 1515 25 1515 1095 1515 25 1516 1099 1516 1461 1516 1095 1517 25 1517 1461 1517 1099 1518 1098 1518 572 1518 1098 1519 1199 1519 1730 1519 572 1520 1098 1520 1730 1520 1199 24 1047 24 470 24 1047 24 1182 24 1284 24 470 24 1047 24 1284 24 1182 1521 1116 1521 1283 1521 1116 24 450 24 1015 24 1283 1522 1116 1522 1015 1522 450 1523 1330 1523 1013 1523 1330 24 304 24 1479 24 1013 1524 1330 1524 1479 1524 304 24 306 24 1106 24 306 1525 1923 1525 1106 1525 1923 24 707 24 1466 24 707 1526 637 1526 1348 1526 1466 1527 707 1527 1348 1527 637 24 1425 24 702 24 1425 24 947 24 702 24 947 24 709 24 703 24 709 1528 1557 1528 237 1528 703 1144 709 1144 237 1144 1557 24 1702 24 634 24 1702 1529 1511 1529 632 1529 1511 1530 1513 1530 632 1530 1513 24 1481 24 773 24 632 1531 1513 1531 773 1531 1481 1532 167 1532 773 1532 1702 24 632 24 634 24 702 1533 947 1533 703 1533 1106 1534 1923 1534 1466 1534 747 1535 1831 1535 1270 1535 575 24 577 24 1123 24 577 1536 747 1536 1746 1536 1123 24 577 24 1746 24 854 1537 575 1537 1123 1537 1162 24 1955 24 1233 24 1955 1538 1293 1538 1231 1538 1162 24 973 24 1109 24 1375 24 1109 24 504 24 504 24 1109 24 973 24 1828 24 1055 24 405 24 1055 24 1375 24 403 24 405 24 1055 24 403 24 1509 24 1578 24 116 24 1578 24 1828 24 114 24 116 24 1578 24 114 24 194 1539 203 1539 287 1539 203 1540 1509 1540 717 1540 287 1541 203 1541 717 1541 597 24 1602 24 363 24 1602 24 194 24 289 24 1059 1542 30 1542 597 1542 363 1543 1059 1543 597 1543 1602 24 289 24 363 24 973 24 1162 24 1233 24 1293 24 868 24 400 24 194 24 287 24 289 24 1557 24 634 24 235 24 1557 1544 235 1544 237 1544 717 1545 1509 1545 116 1545 114 24 1828 24 405 24 403 1546 1375 1546 504 1546 1233 24 1955 24 1231 24 868 24 796 24 398 24 1231 1547 1293 1547 400 1547 796 24 513 24 931 24 400 24 868 24 398 24 513 24 1650 24 1085 24 796 24 931 24 398 24 1650 24 1684 24 462 24 931 1548 513 1548 1085 1548 462 24 1085 24 1650 24 913 24 460 24 926 24 460 24 462 24 1684 24 926 24 460 24 1684 24 286 24 911 24 608 24 911 1549 913 1549 112 1549 134 24 284 24 259 24 284 24 286 24 1645 24 259 24 284 24 1645 24 1696 1550 132 1550 258 1550 132 1551 134 1551 258 1551 162 1552 164 1552 1521 1552 164 1553 1696 1553 1654 1553 1521 1554 164 1554 1654 1554 517 1555 1391 1555 328 1555 1391 1556 162 1556 1521 1556 350 24 515 24 66 24 515 1557 517 1557 497 1557 66 24 515 24 497 24 1700 1558 401 1558 68 1558 401 1559 350 1559 66 1559 1748 1560 861 1560 1695 1560 861 24 1700 24 1197 24 1695 24 861 24 1197 24 340 24 1673 24 1822 24 1673 1561 1748 1561 1695 1561 1712 24 338 24 332 24 338 1562 340 1562 316 1562 332 24 338 24 316 24 184 1563 186 1563 1760 1563 186 1564 1712 1564 681 1564 1760 1565 186 1565 681 1565 123 1566 1329 1566 1554 1566 1329 1567 184 1567 1760 1567 1673 1568 1695 1568 1822 1568 401 1569 66 1569 68 1569 1391 1570 1521 1570 328 1570 911 24 112 24 608 24 112 1571 913 1571 926 1571 134 1572 259 1572 258 1572 637 24 702 24 1349 24 608 24 1645 24 286 24 637 1573 1349 1573 1348 1573 1696 1574 258 1574 322 1574 304 24 1106 24 1615 24 1696 24 322 24 1654 24 304 24 1615 24 1479 24 450 24 1013 24 1015 24 517 24 328 24 330 24 517 24 330 24 497 24 1182 1575 1283 1575 1284 1575 1700 1576 68 1576 661 1576 1199 1577 470 1577 1730 1577 1700 24 661 24 1197 24 1099 24 572 24 1461 24 340 24 1822 24 1824 24 340 1578 1824 1578 316 1578 26 1579 1095 1579 214 1579 1712 1580 332 1580 681 1580 604 1581 1747 1581 1739 1581 747 1582 1270 1582 169 1582 747 1583 169 1583 1746 1583 1329 1584 1760 1584 1554 1584 123 24 1554 24 854 24 1184 1585 1382 1585 1206 1585 1206 1586 669 1586 1184 1586 669 24 335 24 1184 24 335 1587 334 1587 1004 1587 334 1588 454 1588 1387 1588 1004 1589 334 1589 1387 1589 454 1590 453 1590 945 1590 453 24 46 24 945 24 46 24 1775 24 531 24 1775 1591 712 1591 529 1591 531 24 1775 24 529 24 712 1592 191 1592 1446 1592 191 24 1214 24 1446 24 1214 24 1216 24 145 24 1216 24 1424 24 267 24 1216 1593 267 1593 145 1593 1424 24 532 24 267 24 1004 1594 1184 1594 335 1594 532 1595 741 1595 1533 1595 267 24 532 24 265 24 149 1596 148 1596 1516 1596 148 24 152 24 102 24 1111 24 151 24 57 24 152 24 151 24 1111 24 151 24 1625 24 57 24 57 1597 1625 1597 1788 1597 1625 1598 1623 1598 1788 1598 1623 24 327 24 245 24 1788 24 1623 24 245 24 327 24 242 24 1801 24 242 1599 241 1599 987 1599 241 1600 571 1600 695 1600 571 1601 570 1601 1125 1601 695 1602 571 1602 1125 1602 570 1603 1017 1603 1124 1603 1017 24 1269 24 1956 24 1269 24 314 24 1956 24 314 24 994 24 670 24 1956 24 314 24 670 24 994 1604 993 1604 1785 1604 993 1605 1374 1605 1785 1605 1374 1606 1067 1606 928 1606 1067 1607 1066 1607 1372 1607 1066 1608 620 1608 1276 1608 620 1609 431 1609 1276 1609 431 1610 177 1610 954 1610 177 1611 88 1611 228 1611 88 1612 1750 1612 226 1612 1750 24 584 24 226 24 584 24 586 24 612 24 586 1613 86 1613 612 1613 86 1614 886 1614 612 1614 1017 1615 1956 1615 1124 1615 242 1616 987 1616 1801 1616 241 1617 695 1617 987 1617 584 24 612 24 1794 24 584 24 1794 24 226 24 898 1618 149 1618 207 1618 88 1619 226 1619 228 1619 1631 1620 1387 1620 454 1620 945 1621 1631 1621 454 1621 177 24 228 24 954 24 531 1622 945 1622 46 1622 431 1623 954 1623 1274 1623 431 24 1274 24 1276 24 1066 24 1276 24 1372 24 1799 1624 529 1624 712 1624 1446 24 1799 24 712 24 1067 24 1372 24 928 24 1444 24 1446 24 1214 24 145 24 1444 24 1214 24 1533 1625 265 1625 532 1625 1736 24 1533 24 741 24 1551 1626 1396 1626 594 1626 1396 24 1736 24 595 24 1082 24 372 24 1566 24 372 24 1551 24 1448 24 1566 24 372 24 1448 24 1499 24 1764 24 377 24 1764 24 1082 24 874 24 377 24 1764 24 874 24 299 24 1628 24 1266 24 1628 24 1499 24 376 24 1516 1627 207 1627 149 1627 207 24 299 24 898 24 299 24 1266 24 898 24 1628 1628 376 1628 1266 1628 1396 24 595 24 594 24 1736 1629 741 1629 595 1629 376 24 1499 24 377 24 102 24 1516 24 148 24 1111 24 102 24 152 24 1551 1630 594 1630 1448 1630 1566 24 874 24 1082 24 1374 1631 928 1631 1765 1631 1374 1632 1765 1632 1785 1632 1801 24 245 24 327 24 994 1633 1785 1633 129 1633 994 1634 129 1634 670 1634 1126 1635 1051 1635 1053 1635 1128 1636 1957 1636 1129 1636 1131 1637 1335 1637 1132 1637 886 196 1810 196 1134 196 1135 24 1958 24 1136 24 1137 1638 1136 1638 1138 1638 1140 1639 1651 1639 1141 1639 663 144 1959 144 566 144 767 1640 1542 1640 1142 1640 411 1641 1638 1641 1144 1641 1145 1642 1960 1642 1146 1642 1148 1643 1171 1643 1149 1643 1150 1644 1699 1644 1151 1644 1153 1645 1961 1645 581 1645 617 1646 619 1646 1154 1646 1156 1647 1962 1647 465 1647 977 1648 976 1648 653 1648 1158 1649 1963 1649 1159 1649 1161 440 1955 440 1162 440 1163 1650 1588 1650 1164 1650 80 1651 79 1651 1165 1651 1167 1652 1963 1652 1158 1652 1169 444 1774 444 807 444 1171 1653 1131 1653 1133 1653 1172 1654 1245 1654 1173 1654 1175 1655 1964 1655 1176 1655 1178 1656 1846 1656 1179 1656 1181 1657 1965 1657 563 1657 1117 1658 1116 1658 1182 1658 1183 1659 1382 1659 1184 1659 1185 1660 1576 1660 627 1660 1187 1661 1001 1661 1002 1661 1188 1662 1966 1662 1189 1662 1190 1663 1967 1663 1191 1663 877 1664 1599 1664 1193 1664 120 1665 1318 1665 1194 1665 661 1666 660 1666 1196 1666 1198 1667 1478 1667 1199 1667 1200 1668 1472 1668 1201 1668 491 1669 1202 1669 1201 1669 803 1670 805 1670 1203 1670 1204 463 1968 463 487 463 1205 1671 668 1671 669 1671 1207 465 554 465 1009 465 1209 1672 1317 1672 1210 1672 1211 1673 1402 1673 1212 1673 1214 1674 190 1674 1215 1674 1217 1675 1969 1675 1218 1675 17 1676 16 1676 1220 1676 1222 1677 1970 1677 1223 1677 1225 472 1540 472 1226 472 1228 1678 648 1678 647 1678 234 1283 233 1283 1970 1283 1970 1679 1222 1679 234 1679 1222 24 1229 24 234 24 1231 1680 1971 1680 1232 1680 1233 1681 1232 1681 1234 1681 1235 1682 1972 1682 1236 1682 979 144 1851 144 36 144 459 1683 1630 1683 1238 1683 1150 24 1152 24 1475 24 1475 24 1477 24 1150 24 1477 1684 1240 1684 1150 1684 1242 1685 1256 1685 1243 1685 1172 1686 1174 1686 1705 1686 1705 1687 443 1687 1172 1687 443 1688 445 1688 1172 1688 1244 577 1973 577 1245 577 1246 1689 232 1689 234 1689 1247 1690 1453 1690 1248 1690 990 1691 1945 1691 1249 1691 1251 1692 64 1692 1252 1692 1974 1693 1975 1693 1255 1693 1975 1694 1253 1694 1255 1694 1254 1695 1976 1695 1977 1695 1976 1696 1978 1696 1977 1696 1254 1697 1977 1697 1255 1697 1256 1698 1008 1698 1010 1698 422 1699 424 1699 1257 1699 1259 1700 1847 1700 1260 1700 1262 1701 1662 1701 1263 1701 1265 1702 1808 1702 1266 1702 1267 1703 997 1703 999 1703 1268 1704 1868 1704 1269 1704 170 1705 169 1705 1270 1705 256 1706 255 1706 1272 1706 1274 497 1786 497 1275 497 1277 24 1492 24 309 24 122 1707 121 1707 1087 1707 1278 1708 1093 1708 1279 1708 1280 501 1036 501 1038 501 1125 1709 1124 1709 1281 1709 1282 1710 1097 1710 1099 1710 1283 1711 1555 1711 471 1711 1285 1712 1307 1712 1286 1712 1287 1713 1646 1713 1288 1713 1290 1714 1979 1714 1291 1714 1293 1715 1955 1715 1161 1715 1295 1716 1980 1716 1296 1716 1298 1717 358 1717 357 1717 1300 1718 1057 1718 1058 1718 1302 1719 1091 1719 1303 1719 362 1720 1950 1720 1059 1720 355 1721 354 1721 917 1721 541 1722 1663 1722 1305 1722 640 516 642 516 1307 516 1308 1723 1956 1723 670 1723 799 1724 798 1724 1309 1724 616 1725 615 1725 1311 1725 1229 1726 1222 1726 1224 1726 1314 1727 1351 1727 1315 1727 1316 1728 1755 1728 1317 1728 543 1729 542 1729 1194 1729 1319 524 1981 524 1320 524 1321 1730 1101 1730 1322 1730 1324 1731 1982 1731 1325 1731 1326 1732 1217 1732 1219 1732 123 1733 125 1733 1328 1733 1330 1734 449 1734 1331 1734 534 1735 740 1735 741 1735 811 1736 810 1736 1332 1736 204 1737 1983 1737 1333 1737 1335 1738 1211 1738 1213 1738 1336 1739 290 1739 292 1739 636 1740 635 1740 1337 1740 1338 1741 1473 1741 1339 1741 1340 1742 1984 1742 1341 1742 36 1743 38 1743 978 1743 55 1744 1648 1744 1343 1744 1344 1745 1803 1745 1345 1745 1347 1746 1507 1746 1348 1746 1350 1747 1403 1747 1351 1747 682 1748 1985 1748 1352 1748 1354 1749 1911 1749 1120 1749 155 1750 154 1750 1355 1750 1356 1751 1670 1751 1357 1751 1341 1752 1986 1752 1358 1752 1359 1753 1665 1753 1360 1753 556 547 555 547 1361 547 769 1754 768 1754 1362 1754 1363 1755 1941 1755 966 1755 1364 1756 1711 1756 1365 1756 1358 1757 1986 1757 1366 1757 605 1758 24 1758 26 1758 1368 1759 1583 1759 1369 1759 488 1760 1896 1760 1370 1760 1372 1761 1276 1761 1275 1761 1373 1762 1065 1762 1067 1762 1110 557 1109 557 1375 557 857 558 914 558 1376 558 666 1763 665 1763 1377 1763 1379 1764 1490 1764 1380 1764 901 1765 900 1765 1382 1765 1383 1766 1987 1766 1384 1766 1386 1767 1911 1767 1354 1767 1387 1768 1631 1768 1388 1768 956 564 1988 564 1390 564 1391 1769 1493 1769 1392 1769 189 24 1849 24 3 24 1393 1770 1989 1770 1394 1770 1396 1771 1551 1771 1397 1771 1399 1772 1990 1772 1400 1772 1350 1773 1212 1773 1402 1773 1404 1774 1698 1774 1241 1774 1405 1775 1779 1775 1406 1775 939 1776 1812 1776 1408 1776 1040 1777 1991 1777 1409 1777 1410 1778 1539 1778 1411 1778 787 1779 1803 1779 1344 1779 1412 1780 220 1780 222 1780 1414 577 1843 577 1415 577 1417 1781 1992 1781 1418 1781 1420 1782 416 1782 1421 1782 1422 1783 1300 1783 1301 1783 1423 1784 1412 1784 1413 1784 1216 1785 1215 1785 533 1785 1425 1786 637 1786 639 1786 1310 584 1309 584 1426 584 1416 1787 1660 1787 1428 1787 1428 24 1487 24 1842 24 1842 24 1414 24 1428 24 1061 1788 1496 1788 1429 1788 1431 163 1024 163 1432 163 957 1789 1390 1789 1434 1789 1436 1790 1462 1790 623 1790 1070 1791 359 1791 361 1791 1078 1792 1077 1792 1438 1792 677 1793 676 1793 1439 1793 1005 1794 1004 1794 1387 1794 814 1795 813 1795 1441 1795 1442 1796 1993 1796 1443 1796 1444 1797 144 1797 1445 1797 1447 1798 1565 1798 1448 1798 1449 1799 751 1799 753 1799 1451 1800 1561 1800 1452 1800 549 1801 548 1801 1453 1801 1454 1802 1481 1802 1455 1802 1039 1803 1994 1803 1457 1803 846 1804 845 1804 1459 1804 1460 1805 452 1805 454 1805 1461 1806 572 1806 574 1806 418 1807 417 1807 1462 1807 1463 1808 820 1808 822 1808 1154 1809 1995 1809 1464 1809 1465 1810 1107 1810 1106 1810 1467 1811 1917 1811 1468 1811 1085 1812 1084 1812 1470 1812 879 1813 1996 1813 1471 1813 262 614 261 614 1472 614 1473 1814 622 1814 624 1814 1474 1815 1626 1815 428 1815 1475 617 1997 617 1476 617 1478 618 1048 618 1047 618 1479 1816 1614 1816 1480 1816 1482 1817 1221 1817 1220 1817 773 1818 772 1818 1483 1818 1484 624 560 624 562 624 1428 625 1661 625 1486 625 1488 1819 652 1819 654 1819 1490 1820 174 1820 176 1820 1277 1821 1998 1821 1491 1821 517 1822 516 1822 1493 1822 1121 1823 1122 1823 1494 1823 344 1824 346 1824 1156 1824 1496 1825 1951 1825 1497 1825 704 1826 838 1826 840 1826 1499 1827 1628 1827 1500 1827 1502 1828 1834 1828 1503 1828 1504 24 1725 24 1505 24 1507 1829 1465 1829 1466 1829 1508 638 1578 638 1509 638 839 1830 1920 1830 85 1830 1511 1831 1795 1831 1512 1831 1514 1832 1683 1832 1515 1832 1516 642 102 642 104 642 1517 1833 757 1833 756 1833 960 1834 141 1834 143 1834 1159 1835 1953 1835 1071 1835 1518 1836 1586 1836 1519 1836 1521 1837 1770 1837 1522 1837 1327 1838 1999 1838 1523 1838 674 1839 673 1839 1524 1839 1323 1840 2000 1840 1526 1840 1527 1841 2001 1841 1528 1841 485 24 1964 24 1175 24 1530 1842 2002 1842 1531 1842 1533 1843 1736 1843 1534 1843 1536 1844 2003 1844 1537 1844 1539 1845 719 1845 721 1845 825 24 824 24 1540 24 1542 144 922 144 921 144 1543 1846 1802 1846 1544 1846 1546 163 1655 163 561 163 693 1847 1992 1847 1417 1847 1548 1848 2004 1848 1549 1848 984 1849 986 1849 969 1849 1550 1850 1287 1850 1289 1850 1551 1851 372 1851 374 1851 625 1852 1365 1852 1552 1852 1553 1853 853 1853 854 1853 1015 1854 1014 1854 1555 1854 709 1855 711 1855 1556 1855 1558 1856 830 1856 832 1856 1559 1857 248 1857 250 1857 1560 144 896 144 1454 144 368 1858 367 1858 1561 1858 134 1859 133 1859 1562 1859 764 1860 763 1860 1563 1860 1565 1861 1811 1861 1566 1861 399 1862 1971 1862 1231 1862 1567 1863 126 1863 128 1863 1568 1864 1981 1864 1319 1864 1297 1865 1296 1865 1569 1865 1570 1866 1910 1866 1571 1866 1272 1834 243 1834 244 1834 1573 1867 1715 1867 1574 1867 1575 1868 1019 1868 1020 1868 1571 1869 1910 1869 1576 1869 1577 683 1828 683 1578 683 1579 1870 2005 1870 1580 1870 1581 1871 1749 1871 1582 1871 303 1872 302 1872 1583 1872 1584 1873 2006 1873 1585 1873 1545 1874 1544 1874 1586 1874 1587 1875 150 1875 152 1875 1006 1876 1007 1876 1588 1876 1589 1877 2007 1877 1128 1877 1426 196 63 196 65 196 1481 1878 1513 1878 1512 1878 236 694 701 694 703 694 1590 1879 1809 1879 1591 1879 1592 1880 1112 1880 600 1880 1594 1881 110 1881 109 1881 286 1882 285 1882 1595 1882 1596 1883 1680 1883 1597 1883 876 1884 1012 1884 1599 1884 1600 1885 75 1885 77 1885 195 702 194 702 1602 702 744 1886 2008 1886 1603 1886 388 24 1874 24 81 24 1604 1887 1262 1887 1264 1887 1292 1888 1291 1888 1605 1888 1606 1889 745 1889 1607 1889 1609 708 2009 708 1610 708 1611 1890 2010 1890 943 1890 293 1891 295 1891 1612 1891 1614 711 1479 711 1615 711 1616 148 1866 148 301 148 1617 1892 1347 1892 1349 1892 1564 1893 1563 1893 224 1893 1619 1894 569 1894 571 1894 1620 716 1449 716 1450 716 1622 1895 326 1895 327 1895 1624 1896 1622 1896 1623 1896 645 1897 644 1897 1626 1897 705 1898 714 1898 1590 1898 1477 1899 1476 1899 1404 1899 1627 1900 1600 1900 1601 1900 1628 1901 299 1901 300 1901 108 1902 1520 1902 1519 1902 458 1807 2011 1807 1630 1807 1631 1903 945 1903 946 1903 684 1904 683 1904 1632 1904 405 1905 404 1905 1634 1905 1192 24 139 24 1635 24 1636 1906 2012 1906 1637 1906 1638 1907 760 1907 761 1907 1639 1908 858 1908 860 1908 1641 1909 1745 1909 1642 1909 1643 1910 1782 1910 1644 1910 257 1911 259 1911 1645 1911 1646 1912 1818 1912 1647 1912 1648 1913 1126 1913 1127 1913 1649 1914 1684 1914 1650 1914 179 1915 1141 1915 1651 1915 322 739 1869 739 1653 739 1655 1916 1546 1916 1656 1916 1657 1917 1624 1917 1625 1917 231 1918 230 1918 1658 1918 1660 743 2013 743 1661 743 1662 744 782 744 784 744 1663 1919 734 1919 736 1919 1664 1920 1917 1920 1467 1920 197 1921 2010 1921 1611 1921 1665 1922 1433 1922 1432 1922 1666 1923 908 1923 910 1923 889 1924 294 1924 1042 1924 895 1925 894 1925 1667 1925 1124 751 1956 751 1308 751 503 196 1205 196 1206 196 265 1926 1533 1926 1535 1926 967 1927 1620 1927 1621 1927 955 1928 159 1928 161 1928 1670 1929 369 1929 371 1929 566 757 1959 757 1671 757 1673 1930 340 1930 339 1930 724 1931 723 1931 1675 1931 1676 1932 2014 1932 2015 1932 1677 1933 2016 1933 2017 1933 1676 1934 2015 1934 1677 1934 2018 1935 2019 1935 1676 1935 2017 1936 1678 1936 1677 1936 1678 1937 2018 1937 1676 1937 1679 1938 1763 1938 1680 1938 1681 762 621 762 620 762 777 1939 1525 1939 1524 1939 1683 1940 587 1940 589 1940 927 1941 926 1941 1684 1941 2020 1942 2021 1942 1687 1942 2021 1943 1685 1943 1687 1943 1685 1944 2022 1944 1686 1944 2022 1945 2023 1945 1686 1945 1686 1946 2024 1946 2025 1946 1686 1947 2025 1947 1687 1947 1688 1948 2026 1948 1689 1948 132 196 1696 196 1691 196 1693 1949 2027 1949 1026 1949 1197 1950 1196 1950 1694 1950 715 1951 2028 1951 434 1951 93 24 95 24 1235 24 164 1952 163 1952 1691 1952 1249 1953 2029 1953 1697 1953 1150 1954 1241 1954 1698 1954 1700 1955 861 1955 863 1955 1557 1956 1556 1956 1701 1956 869 778 868 778 1293 778 27 1957 29 1957 1703 1957 1705 780 2030 780 1706 780 1707 1958 1784 1958 1708 1958 500 782 499 782 1709 782 1710 1959 1844 1959 1711 1959 1712 1960 1832 1960 1713 1960 1714 1961 2031 1961 685 1961 1573 1962 394 1962 393 1962 488 1963 1371 1963 1204 1963 1716 1964 1722 1964 1717 1964 1718 1965 391 1965 1719 1965 1439 1966 1488 1966 1489 1966 1721 1967 1373 1967 1374 1967 1722 1968 478 1968 480 1968 833 1969 835 1969 1383 1969 1723 1970 1747 1970 214 1970 1724 1971 2032 1971 1725 1971 708 1972 1923 1972 306 1972 934 1973 2033 1973 1726 1973 1727 1974 1833 1974 1728 1974 1730 1975 470 1975 472 1975 1731 1976 1806 1976 1732 1976 1733 1977 1821 1977 1734 1977 1736 1978 1396 1978 1398 1978 1704 801 1703 801 1737 801 1271 1979 1270 1979 1739 1979 1741 803 1757 803 1742 803 1744 1980 1114 1980 1745 1980 1409 144 1994 144 1039 144 124 1981 1123 1981 1746 1981 1740 1982 1739 1982 1747 1982 1748 1983 1673 1983 1674 1983 1399 24 1401 24 506 24 875 1984 1063 1984 1749 1984 1750 810 87 810 1751 810 766 1985 765 1985 667 1985 1378 812 1377 812 1752 812 1754 1986 1379 1986 1381 1986 896 1987 1560 1987 1755 1987 1527 1988 1529 1988 518 1988 1756 1989 748 1989 729 1989 1757 1990 223 1990 225 1990 1758 1991 1937 1991 878 1991 1553 1992 1554 1992 1760 1992 564 1993 1905 1993 1761 1993 1679 1994 800 1994 802 1994 1764 1995 1499 1995 1501 1995 1765 1996 928 1996 930 1996 1767 823 1407 823 1406 823 981 1997 983 1997 1769 1997 1654 825 1653 825 1770 825 1395 24 1960 24 1145 24 1771 1998 1773 1998 1772 1998 1495 1999 1494 1999 1772 1999 1570 2000 1572 2000 1774 2000 713 2001 712 2001 1775 2001 298 2002 297 2002 1776 2002 392 2003 2034 2003 1777 2003 33 2004 494 2004 496 2004 592 2005 591 2005 1779 2005 1129 2006 1957 2006 1780 2006 1782 2007 1484 2007 1485 2007 739 24 1826 24 277 24 277 24 279 24 1188 24 1188 24 737 24 277 24 350 2008 352 2008 1783 2008 1258 2009 1257 2009 1784 2009 1785 2010 1765 2010 1766 2010 954 2011 953 2011 1786 2011 1675 163 2035 163 1787 163 1788 2012 245 2012 247 2012 996 2013 1848 2013 1789 2013 1304 2014 2036 2014 1791 2014 867 2015 866 2015 1792 2015 1793 844 226 844 1794 844 1702 2016 1701 2016 1795 2016 62 2017 61 2017 1796 2017 1797 2018 2037 2018 1798 2018 1799 2019 1807 2019 1800 2019 1537 2020 1934 2020 850 2020 1801 2021 987 2021 988 2021 859 2022 1925 2022 779 2022 1598 2023 1597 2023 1802 2023 1803 2024 1733 2024 1735 2024 511 2025 2038 2025 1804 2025 1633 2026 1632 2026 1805 2026 1032 2027 1031 2027 1806 2027 1446 2028 1445 2028 1807 2028 728 2029 1639 2029 1640 2029 1045 2030 1877 2030 407 2030 1186 859 627 859 626 859 1808 2031 897 2031 898 2031 1809 2032 1134 2032 1810 2032 1811 2033 873 2033 874 2033 1812 2034 2031 2034 1714 2034 23 2035 22 2035 1813 2035 1329 2036 1328 2036 1815 2036 1816 2037 1167 2037 1168 2037 107 2038 106 2038 1817 2038 1741 2039 1743 2039 1647 2039 557 2040 559 2040 649 2040 1819 2041 1958 2041 1135 2041 1821 2042 704 2042 1498 2042 1822 2043 1845 2043 1823 2043 330 2044 329 2044 1825 2044 1826 2045 2039 2045 1827 2045 1056 2046 1055 2046 1828 2046 924 2047 1939 2047 1829 2047 1831 2048 747 2048 746 2048 186 2049 185 2049 1832 2049 1690 24 1689 24 1833 24 1834 2050 1502 2050 1835 2050 1506 2051 1505 2051 1836 2051 1838 2052 992 2052 994 2052 1839 880 1767 880 1768 880 1840 2053 271 2053 273 2053 1 2054 6 2054 1841 2054 1842 883 2040 883 1843 883 317 2055 316 2055 1824 2055 907 2056 906 2056 1259 2056 1352 2057 1985 2057 1844 2057 793 2058 792 2058 524 2058 1695 2059 1694 2059 1845 2059 1532 24 1179 24 1846 24 1847 2060 1863 2060 181 2060 1787 2061 2035 2061 1848 2061 140 2062 139 2062 1192 2062 1532 892 1531 892 1180 892 1076 2063 933 2063 935 2063 523 894 522 894 1608 894</p>
        </triangles>
      </mesh>
    </geometry>
    <geometry id="ID9_021_003-mesh" name="ID9.021_003">
      <mesh>
        <source id="ID9_021_003-mesh-positions">
          <float_array id="ID9_021_003-mesh-positions-array" count="1968">2.972714 3.126873 -0.01999986 2.229528 2.874597 0.0200001 2.972714 3.126873 0.02000004 -13.8763 -0.125406 -0.02000004 -13.10654 -0.2785198 0.01999992 -13.10654 -0.2785198 -0.02000004 -18.74339 5.670149 0.01008832 -18.68846 4.832171 0.0200001 -18.32339 5.670149 0.01008832 -15.58444 14.65304 -0.0199998 -15.84102 14.602 0.0200001 -15.58444 14.65304 0.0200001 4.225986 8.202868 0.01999998 4.134628 7.74358 -0.01999992 4.134628 7.74358 0.01999998 -14.32339 2.206046 0.01999998 -13.85412 1.97463 -0.01999992 -13.85412 1.97463 0.01999998 -17.25524 13.18779 -0.01999986 -17.17115 13.43552 0.0200001 -17.17115 13.43552 -0.01999986 7.058801 9.247077 -0.0199998 7.096614 8.67015 0.01999986 7.096614 8.67015 -0.02000004 -2.533388 16.76593 -0.02000081 -2.79659 16.59007 0.01999908 -2.533388 16.76593 0.01999908 3.676614 3.473999 0.02000004 4.584863 3.576823 0.01999998 4.329183 3.910031 0.01999998 12.6595 12.93121 0.0199992 12.67661 12.67015 0.0199992 13.09661 12.67015 0.0199992 -16.35866 16.53386 0.0200001 -16.85412 16.36567 -0.01999986 -16.35866 16.53386 -0.01999986 3.194252 10.602 0.0200001 3.085548 10.19631 0.0200001 3.281254 10.12988 0.0200001 12.87786 3.008534 0.01999986 13.04169 3.832174 -0.02000004 13.04169 3.832174 0.01999986 -3.306276 12.4091 -0.02000075 -3.323386 12.67015 0.0199992 -3.306276 12.4091 0.0199992 -15.32339 16.67015 0.0200001 -15.32339 17.09015 -0.0199998 -15.32339 16.67015 -0.0199998 -15.90338 5.670149 0.01008832 -15.87276 5.202865 -0.0199998 -15.90338 5.670149 -0.02991157 3.281254 10.12988 -0.01999986 -13.66177 16.8714 0.0200001 -13.02729 16.21343 0.02000004 -12.86656 16.60146 0.02000004 0.6766145 5.090151 0.0200001 0.2093303 5.120779 -0.0199998 0.2093303 5.120779 0.0200001 6.625282 7.886994 0.01999992 6.472169 7.117238 -0.02000004 6.472169 7.117238 0.01999992 -14.39681 14.12816 0.0200001 -13.79265 14.36567 0.0200001 -14.28811 14.53385 0.0200001 9.886613 16.76593 0.01999908 9.676614 16.4022 0.01999908 9.894138 16.25686 0.01999908 -15.16359 3.490782 -0.01999986 -15.42376 3.880148 0.0200001 -15.16359 3.490782 0.02000004 -1.94973 17.00769 0.01999908 -1.841026 16.602 0.01999908 -1.58444 16.65304 0.0199992 -1.949727 10.33261 -0.02000087 -2.249479 10.43436 0.01999902 -2.249479 10.43436 -0.02000087 6.676615 1.090152 0.0200001 7.198719 0.7043719 0.0200001 7.143898 1.12078 0.0200001 9.20806 2.13871 -0.01999992 9.516819 2.490786 0.02000004 9.516819 2.490786 -0.01999992 4.243097 8.876383 -0.0199998 4.256614 8.67015 0.01999998 4.243097 8.876383 0.0200001 -15.32339 14.67015 -0.0199998 -14.80128 14.63593 0.0200001 -14.80128 14.63593 -0.0199998 7.143898 1.12078 -0.0199998 8.937665 16.65304 0.0199992 9.194252 16.60201 -0.02000075 9.194252 16.60201 0.01999908 12.26332 13.88768 0.01999908 12.09083 14.08437 -0.02000081 12.26332 13.88768 -0.02000081 3.194252 10.602 -0.01999986 3.44198 10.51791 0.0200001 3.44198 10.51791 -0.01999986 -3.660925 12.04381 0.01999908 -3.722681 12.35428 -0.02000075 -3.660925 12.04381 -0.02000081 3.886615 3.110267 -0.01999992 4.584863 3.576823 -0.01999998 6.877859 7.008533 0.01999986 7.04169 7.832174 -0.02000004 7.04169 7.832174 0.01999986 -19.18709 13.70543 -0.01999998 -19.28917 13.19225 0.01999998 -19.28917 13.19225 -0.01999998 2.207349 4.974633 0.0200001 1.711891 4.806447 -0.01999986 2.207349 4.974633 -0.01999986 -14.28811 14.53385 -0.01999986 6.642395 9.192255 -0.0199998 6.676614 8.67015 0.01999992 6.642395 9.192255 0.0200001 10.58486 -0.4231759 0.01999998 9.676615 -0.5259999 0.02000004 9.886614 -0.889732 0.02000004 12.60847 13.18779 -0.02000075 12.60847 13.18779 0.01999908 -15.87276 5.202865 0.0200001 -16.28917 5.148045 0.0200001 -18.27206 4.886991 -0.0199995 -18.27206 4.886991 0.0200001 -17.88327 2.460149 0.02000004 -17.08351 2.017581 0.01999998 -17.51954 2.670149 0.02000004 -0.8541195 4.974633 0.0200001 -0.2499573 5.212137 0.0200001 -0.693392 5.362663 0.0200001 -16.32339 5.670149 0.01008832 12.6595 12.93121 -0.02000075 -3.243301 11.19695 0.01999908 -3.419167 11.46015 -0.02000081 -3.243301 11.19695 -0.02000081 3.25354 13.05234 0.01999998 3.71189 12.53385 0.01999998 3.820594 12.93954 0.01999998 6.676615 0.670152 -0.0199998 6.676615 0.670152 0.0200001 -15.32339 0.4739964 0.01999992 -14.78022 -0.2611573 0.01999992 -14.61949 0.1268703 0.01999992 10.64239 4.148048 -0.01999998 10.54032 3.634876 0.01999998 10.54032 3.634876 -0.01999998 -16.11338 14.03847 -0.0199998 -16.28523 13.92365 0.0200001 -16.28523 13.92365 -0.0199998 4.202776 9.079086 0.0200001 -14.48541 17.03523 0.0200001 -15.32339 17.09015 0.0200001 -17.32339 16.13425 0.0200001 -17.75843 15.84356 -0.01999992 -17.32339 16.13425 -0.01999986 -3.559176 15.59624 0.01999902 -3.660928 15.29649 -0.02000087 -3.660928 15.29649 0.01999902 10.22599 4.202868 0.01999998 10.13463 3.74358 -0.01999992 10.13463 3.74358 0.01999998 11.43673 1.017584 0.01999998 10.91925 0.4275121 -0.01999998 10.91925 0.4275121 0.01999998 -3.055438 15.67015 -0.02000081 -3.171148 15.43552 0.01999902 -3.171148 15.43552 -0.02000081 7.459772 -1.278518 0.0200001 6.676615 -1.329848 -0.0199998 6.676615 -1.329848 0.0200001 9.894138 16.25686 -0.02000081 6.236498 5.460152 0.01999992 6.607919 6.213324 -0.02000004 6.607919 6.213324 0.01999992 9.11166 1.496738 0.02000004 8.676615 1.20605 -0.01999986 9.11166 1.496738 -0.01999992 0.1545103 4.704371 0.0200001 -3.25524 15.18779 0.01999902 -3.25524 15.18779 -0.02000081 -12.88834 13.84356 0.02000004 -13.32339 14.13425 -0.01999986 -13.32339 14.13425 0.0200001 -11.41514 15.76348 0.01999998 -12.11339 16.23004 -0.01999992 -12.11339 16.23004 0.02000004 -13.14402 13.51035 -0.01999986 -13.53339 13.77052 0.0200001 -13.53339 13.77052 -0.01999986 -19.70557 13.24707 -0.01999998 -19.59278 13.81413 0.01999998 -19.59278 13.81413 -0.01999998 -3.743386 12.67015 -0.02000075 -3.743386 12.67015 0.0199992 6.760162 10.36161 0.0200001 6.946006 9.814131 -0.01999986 6.760162 10.36161 -0.01999986 3.516819 6.490785 0.02000004 3.208056 6.138709 -0.01999992 3.208056 6.138709 0.02000004 -17.01485 16.7537 0.0200001 -16.46737 16.93954 0.0200001 0.6766146 4.670151 -0.0199998 0.1545103 4.704371 -0.0199998 -16.6917 13.46015 -0.01999986 -16.78312 13.27479 0.0200001 -16.78312 13.27479 -0.01999986 3.466614 10.03847 -0.01999986 3.466614 10.03847 0.0200001 -13.69339 2.36266 0.02000004 -14.11339 2.569778 -0.01999992 -14.11339 2.569778 0.02000004 8.992488 17.06945 0.01999908 8.676614 17.09015 -0.02000075 8.676614 17.09015 0.0199992 -15.84549 16.63593 0.0200001 6.504446 10.88015 -0.01999986 6.183237 11.36088 0.02000004 6.504446 10.88015 0.02000004 1.143899 5.120779 -0.0199998 1.143899 5.120779 0.0200001 -15.32339 0.4739964 -0.02000004 -14.61949 0.1268703 -0.02000004 4.608467 9.187789 0.0200001 4.090828 10.08436 0.0200001 4.26332 9.887675 -0.01999986 4.090828 10.08436 -0.01999986 1.603186 5.212137 0.0200001 2.04662 5.362663 -0.01999986 1.603186 5.212137 -0.0199998 -12.79067 2.120776 0.01999998 -13.24996 2.212134 -0.01999992 -13.24996 2.212134 0.01999998 13.01415 13.2965 0.01999908 13.07591 12.98603 -0.02000075 13.01415 13.2965 -0.02000081 -0.693392 5.362663 -0.01999986 -0.2499573 5.212137 -0.0199998 6.676615 -1.749848 0.0200001 7.514593 -1.694924 0.0200001 1.198719 4.704371 0.0200001 0.6766146 4.670151 0.0200001 -17.41671 1.761901 0.01999998 -17.88327 2.460149 -0.01999992 -17.41671 1.761901 -0.01999998 11.21624 0.1305261 0.01999998 11.76994 0.7619042 0.01999992 3.776985 6.880151 0.02000004 4.372133 7.139417 0.01999998 3.984102 7.300145 0.02000004 5.872766 5.670152 0.01999992 6.219892 6.374052 0.01999992 0.6766147 2.670151 0.0200001 -0.1613637 2.305075 0.0200001 0.6766147 2.250151 0.0200001 4.368074 12.7537 -0.01999998 4.886613 12.49798 0.01999998 4.886613 12.49798 -0.01999998 13.09661 12.67015 -0.02000075 12.67661 12.67015 -0.02000075 -17.86667 3.374049 -0.0199995 -18.11894 4.117235 0.0200001 -17.86667 3.374049 0.02000004 4.207348 12.36567 0.01999998 4.676614 12.13425 -0.01999992 4.676614 12.13425 0.01999998 -0.876299 2.874597 0.0200001 -1.619485 3.126873 -0.01999986 -1.619485 3.126873 0.02000004 2.04662 5.362663 0.0200001 -3.559176 15.59624 -0.02000087 -3.41917 15.88015 0.01999902 -3.41917 15.88015 -0.02000087 -15.90031 17.05234 0.0200001 12.38781 14.38135 0.01999908 12.09083 14.08437 0.01999908 -1.502752 5.829947 -0.01999986 -1.113385 5.569779 0.0200001 -1.113385 5.569779 -0.01999986 2.466614 5.569779 0.0200001 3.111661 5.496737 0.02000004 2.855981 5.829947 0.02000004 12.59653 14.14336 -0.02000081 12.38781 14.38135 -0.02000081 2.855981 5.829947 -0.01999986 2.466614 5.569779 -0.01999986 9.984105 3.300146 0.02000004 9.776987 2.880152 -0.01999992 9.776987 2.880152 0.02000004 -3.255237 12.15251 -0.02000075 -3.255237 12.15251 0.01999908 1.514593 2.305075 0.0200001 -1.323385 5.206049 -0.01999986 -1.758432 5.496737 0.02000004 -1.758432 5.496737 -0.01999992 5.436735 5.017583 0.01999998 4.919254 4.427511 -0.01999998 4.919254 4.427511 0.01999998 10.09083 16.08437 -0.02000081 10.09083 16.08437 0.01999908 3.930112 9.631996 -0.0199998 4.044935 9.46015 0.0200001 3.930112 9.631996 0.0200001 4.540318 7.634875 0.01999998 4.642395 8.148049 0.01999998 -3.034586 16.38135 0.01999908 -2.54091 16.25686 0.01999908 5.850028 11.1052 0.02000004 6.140716 10.67015 0.0200001 4.26332 9.887675 0.0200001 5.850028 11.1052 -0.01999992 6.140716 10.67015 -0.01999986 3.776985 6.880151 -0.01999992 -11.67082 15.43027 -0.01999992 -12.32339 15.8663 0.02000004 -12.32339 15.8663 -0.01999992 -15.15181 2.84172 0.02000004 -14.50275 2.829944 0.02000004 -14.85483 3.138706 0.02000004 10.37213 3.139418 -0.01999992 10.14072 2.670152 0.01999998 10.14072 2.670152 -0.01999992 12.40866 13.67015 0.01999908 9.850029 2.235106 -0.01999992 9.505043 1.841724 0.02000004 9.505043 1.841724 -0.01999992 9.886614 -0.889732 -0.01999992 -14.75843 2.496734 -0.01999992 -14.75843 2.496734 0.02000004 -16.32339 14.4022 -0.01999986 -16.54091 14.25686 0.0200001 -16.32339 14.4022 0.0200001 9.133443 -1.261154 0.02000004 8.338232 -1.531092 -0.01999986 9.133443 -1.261154 -0.01999992 11.76994 0.7619042 -0.02000004 -16.86301 1.130523 0.01999998 -16.23163 0.576821 -0.02000004 -16.23163 0.576821 0.01999992 12.62528 3.886994 0.01999992 12.47217 3.117238 0.01999992 -14.8561 14.21952 -0.0199998 -15.32339 14.25015 0.0200001 -15.32339 14.25015 -0.0199998 8.046623 1.362664 -0.01999986 7.603188 1.212138 0.0200001 8.046623 1.362664 0.0200001 5.802026 11.79556 0.02000004 5.36734 12.17677 -0.01999992 5.36734 12.17677 0.01999998 -3.231633 3.576822 0.01999998 -2.323385 3.473999 0.02000004 -2.975953 3.91003 0.01999998 -3.055436 11.67015 0.01999908 -2.910091 11.45263 -0.02000081 -3.055436 11.67015 -0.02000081 0.6766147 2.670151 -0.0199998 1.459773 2.721481 0.0200001 1.459773 2.721481 -0.0199998 -19.70557 13.24707 0.01999998 -19.18709 13.70543 0.01999998 3.793842 9.78738 0.0200001 3.793842 9.78738 -0.01999986 5.11166 11.84356 0.02000004 5.505043 11.49858 -0.01999992 5.505043 11.49858 0.02000004 -13.35866 1.806444 0.01999998 -12.84549 1.704368 0.01999998 -17.05544 13.67015 0.0200001 -17.05544 13.67015 -0.01999986 -18.83001 15.36087 0.01999998 -18.15181 15.49858 0.02000004 -18.4488 15.79556 0.02000004 -14.85483 3.138706 -0.01999992 -13.95338 13.97764 -0.01999986 -14.39681 14.12816 -0.0199998 -18.52463 4.008532 -0.01999986 -18.25469 3.213321 0.02000004 -18.52463 4.008532 0.0200001 -3.034583 10.95895 0.01999902 0.6766147 2.250151 -0.0199998 4.408664 9.67015 -0.01999986 4.408664 9.67015 0.0200001 8.676614 16.67015 0.0199992 12.47217 3.117238 -0.02000004 -16.54091 14.25686 -0.01999986 -16.7376 14.08436 0.0200001 -16.32339 5.67015 -0.0199998 5.872766 5.670152 -0.02000004 -16.28917 5.148045 -0.01999956 4.642395 8.148049 -0.01999998 -19.15122 14.88015 0.01999998 -19.0189 14.20088 0.01999998 -18.78749 14.67015 0.01999998 -2.79659 16.59007 -0.02000081 -3.034586 16.38135 -0.02000081 -15.4968 3.235103 0.02000004 -15.78749 3.670149 -0.01999986 -15.4968 3.235103 -0.01999992 -2.737599 11.25594 0.01999908 -2.910091 11.45263 0.01999908 -15.32339 14.67015 0.0200001 -2.323385 10.9381 -0.02000081 -2.088751 10.82239 0.01999902 -2.088751 10.82239 -0.02000081 10.32918 -0.08996796 -0.01999992 9.676615 -0.5259999 -0.01999992 6.676615 -1.749848 -0.0199998 -17.08351 2.017581 -0.01999992 -17.51954 2.670149 -0.01999992 -1.58444 16.65304 -0.02000075 -1.323385 5.206049 0.0200001 6.540319 9.705429 0.0200001 6.372133 10.20088 0.0200001 -2.323388 16.4022 0.01999908 -2.54091 16.25686 -0.02000081 -2.323388 16.4022 -0.02000081 2.676614 5.206049 -0.01999986 2.676614 5.206049 0.0200001 8.855981 1.829948 -0.01999986 8.466615 1.56978 0.0200001 8.855981 1.829948 0.02000004 -1.949727 10.33261 0.01999902 9.850029 2.235106 0.02000004 9.20806 2.13871 0.02000004 -16.0189 4.139415 0.0200001 -15.7814 4.743577 0.0200001 -16.18709 4.634873 0.0200001 -18.68846 4.832171 -0.0199998 -1.780213 2.738845 0.02000004 -0.9850036 2.468907 -0.01999986 -0.9850036 2.468907 0.0200001 -2.737599 11.25594 -0.02000081 2.338233 2.468907 0.0200001 4.329183 3.910031 -0.01999992 3.676614 3.473999 -0.01999992 -15.97595 0.9100291 0.01999998 -15.52962 14.23663 0.0200001 -1.639262 17.06945 -0.02000075 -1.94973 17.00769 -0.02000081 -15.52962 14.23663 -0.0199998 -15.73232 14.19631 0.0200001 -15.73232 14.19631 -0.0199998 8.676615 1.20605 0.0200001 5.216242 4.130525 0.01999998 13.07591 12.98603 0.0199992 4.372133 7.139417 -0.01999992 4.140716 6.670151 0.01999998 4.140716 6.670151 -0.01999992 8.937665 16.65304 -0.02000075 -13.16137 -0.6949279 -0.02000004 -13.98501 -0.5310958 0.01999986 -13.98501 -0.5310958 -0.02000004 -16.44061 13.78738 -0.01999986 -18.32339 5.670149 -0.0199998 -18.74339 5.670149 -0.02991157 -2.533385 3.110267 -0.01999992 -2.533385 3.110267 0.02000004 4.659504 8.931203 -0.0199998 4.608467 9.187789 -0.0199998 -13.66177 16.8714 -0.01999986 -12.86656 16.60146 -0.01999992 10.38781 16.38135 0.01999902 10.14982 16.59007 -0.02000081 10.14982 16.59007 0.01999908 5.769943 4.761904 -0.02000004 5.769943 4.761904 0.01999992 6.372133 10.20088 -0.01999986 -0.3586618 4.806447 -0.01999986 -0.3586618 4.806447 0.0200001 -13.16137 -0.6949279 0.01999986 -13.8763 -0.125406 0.01999992 3.676614 10.4022 0.0200001 3.676614 10.4022 -0.01999986 7.711891 0.806448 -0.01999986 8.207348 0.9746339 0.0200001 7.711891 0.806448 0.0200001 -16.46737 16.93954 -0.01999986 -17.53339 16.49798 -0.01999986 -18.01411 16.17677 0.02000004 -17.53339 16.49798 0.02000004 -13.02729 16.21343 -0.01999986 -13.77047 16.46571 0.0200001 -13.77047 16.46571 -0.01999986 -2.737602 16.08436 -0.02000081 -2.737602 16.08436 0.01999908 -2.533385 10.57437 0.01999902 -19.40693 14.36161 -0.01999998 -19.15122 14.88015 -0.01999998 10.37213 3.139418 0.01999998 -1.323388 16.67015 -0.02000093 -1.323388 17.09015 0.0199992 -1.323388 16.67015 0.0199992 -0.1065436 2.721481 0.0200001 -0.1065436 2.721481 -0.0199998 12.59653 14.14336 0.01999908 12.77239 13.88015 -0.02000081 -16.44061 13.78738 0.0200001 -14.54023 16.61882 0.0200001 3.71189 12.53385 -0.01999998 3.198719 12.63593 0.01999998 3.198719 12.63593 -0.01999998 9.886613 16.76593 -0.02000081 -16.18709 4.634873 -0.01999986 -16.0189 4.139415 -0.01999986 -17.25524 13.18779 0.0200001 -16.84955 13.07908 0.0200001 -12.84549 1.704368 -0.01999998 -13.35866 1.806444 -0.01999998 3.850029 6.235105 -0.01999992 3.505043 5.841723 0.02000004 3.505043 5.841723 -0.01999992 8.22953 -1.125402 0.0200001 8.972718 -0.8731259 -0.01999986 8.22953 -1.125402 -0.01999986 8.676612 16.67015 -0.02000093 -16.56603 1.427509 -0.01999998 -16.56603 1.427509 0.01999998 10.64239 4.148048 0.01999998 -18.78749 14.67015 -0.01999992 -19.0189 14.20088 -0.01999992 3.850029 6.235105 0.02000004 4.676614 8.67015 0.01999998 4.676614 8.67015 -0.01999998 -15.84549 16.63593 -0.0199998 -15.53339 0.1102644 0.01999992 -14.78022 -0.2611573 -0.02000004 3.133443 2.738845 -0.01999992 3.133443 2.738845 0.02000004 -17.75843 15.84356 0.02000004 12.21989 2.374052 0.01999992 11.87277 1.670152 -0.02000004 11.87277 1.670152 0.01999992 8.338232 -1.531092 0.0200001 8.972718 -0.8731259 0.02000004 12.60792 2.213324 0.01999992 -18.83001 15.36087 -0.01999992 -18.4488 15.79556 -0.01999992 -2.975953 3.91003 -0.01999992 -2.323385 3.473999 -0.01999992 -15.63087 4.300143 -0.01999986 -15.63087 4.300143 0.0200001 3.25354 13.05234 -0.01999998 -1.841023 10.7383 0.01999902 -1.841023 10.7383 -0.02000081 4.368074 12.7537 0.01999998 8.992488 17.06945 -0.02000075 9.302957 17.00769 0.01999908 9.302957 17.00769 -0.02000081 -1.323388 17.09015 -0.02000075 -1.639262 17.06945 0.0199992 12.2365 1.460152 0.01999992 12.60792 2.213324 -0.02000004 -18.4968 15.10519 0.02000004 -18.15181 15.49858 -0.01999992 -3.722681 12.35428 0.01999908 2.229528 2.874597 -0.01999986 -15.84102 14.602 -0.0199998 4.225986 8.202868 -0.01999992 -14.32339 2.206046 -0.01999992 7.058801 9.247077 0.0200001 3.886615 3.110267 0.02000004 -16.85412 16.36567 0.0200001 12.87786 3.008534 -0.02000004 -3.323386 12.67015 -0.02000075 3.085548 10.19631 -0.01999986 0.6766145 5.090151 -0.0199998 6.625282 7.886994 -0.02000004 -13.95338 13.97764 0.0200001 -15.42376 3.880148 -0.01999986 4.256614 8.67015 -0.01999992 6.676615 1.090152 -0.0199998 6.877859 7.008533 -0.02000004 1.711891 4.806447 0.0200001 -13.79265 14.36567 -0.01999986 6.676614 8.67015 -0.02000004 10.32918 -0.08996796 0.01999998 -3.419167 11.46015 0.01999908 -16.11338 14.03847 0.0200001 4.202776 9.079086 -0.0199998 10.22599 4.202868 -0.01999992 11.43673 1.017584 -0.01999998 -3.055438 15.67015 0.01999902 7.459772 -1.278518 -0.0199998 9.676614 16.4022 -0.02000081 6.236497 5.460152 -0.02000004 -12.88834 13.84356 -0.01999992 -11.41514 15.76348 -0.01999998 -13.14402 13.51035 0.02000004 6.946006 9.814131 0.0200001 3.516819 6.490785 -0.01999992 -16.6917 13.46015 0.0200001 -13.69339 2.36266 -0.01999992 6.183237 11.36088 -0.01999992 4.659504 8.931203 0.0200001 -12.79067 2.120776 -0.01999992 -14.48541 17.03523 -0.0199998 -18.11895 4.117235 -0.0199995 4.207348 12.36567 -0.01999992 -0.876299 2.874597 -0.01999986 -15.90031 17.05234 -0.0199998 12.77239 13.88015 0.01999908 -1.502752 5.829947 0.02000004 9.984105 3.300146 -0.01999992 1.198719 4.704371 -0.0199998 5.436735 5.017583 -0.01999998 4.044935 9.46015 -0.0199998 3.984102 7.300145 -0.01999992 -11.67082 15.43027 0.01999998 12.40866 13.67015 -0.02000081 10.58486 -0.4231759 -0.01999998 -15.15181 2.84172 -0.01999992 11.21624 0.1305261 -0.01999998 -16.86301 1.130523 -0.01999998 -14.8561 14.21952 0.0200001 7.603188 1.212138 -0.0199998 5.802026 11.79556 -0.01999992 5.11166 11.84356 -0.01999992 -14.50275 2.829944 -0.01999992 -18.25469 3.213321 -0.01999992 -3.034583 10.95895 -0.02000081 1.514593 2.305075 -0.0199998 12.62528 3.886994 -0.02000004 -16.7376 14.08436 -0.01999986 6.219892 6.374052 -0.02000004 4.540318 7.634875 -0.01999998 -19.40693 14.36161 0.01999998 -15.78749 3.670149 0.0200001 -2.323385 10.9381 0.01999902 -1.841026 16.602 -0.02000075 3.111661 5.496737 -0.01999992 8.466615 1.56978 -0.01999986 -1.780213 2.738845 -0.01999992 -3.231633 3.576822 -0.01999998 10.38781 16.38135 -0.02000081 5.216242 4.130525 -0.01999998 -0.1613637 2.305075 -0.0199998 6.540319 9.705429 -0.01999986 -0.8541195 4.974633 -0.01999986 8.207348 0.9746339 -0.01999986 -17.01485 16.7537 -0.01999986 -18.01411 16.17677 -0.01999992 -2.533385 10.57437 -0.02000087 -14.54023 16.61882 -0.0199998 7.198719 0.7043719 -0.0199998 -15.97595 0.9100291 -0.01999998 -16.84955 13.07908 -0.01999986 -15.53339 0.1102644 -0.02000004 2.338233 2.468907 -0.01999986 12.21989 2.374052 -0.02000004 7.514593 -1.694924 -0.0199998 -15.7814 4.743577 -0.0199998 3.820594 12.93954 -0.01999998 12.2365 1.460152 -0.02000004 -18.4968 15.10519 -0.01999992</float_array>
          <technique_common>
            <accessor source="#ID9_021_003-mesh-positions-array" count="656" stride="3">
              <param name="X" type="float"/>
              <param name="Y" type="float"/>
              <param name="Z" type="float"/>
            </accessor>
          </technique_common>
        </source>
        <source id="ID9_021_003-mesh-normals">
          <float_array id="ID9_021_003-mesh-normals-array" count="1458">-0.3214375 0.9469308 0 0.1950893 0.9807855 0 0 0.01182729 0.9999301 -0.1951001 0.9807834 0 -0.9807854 0.1950898 0 -0.4422841 -0.896875 0 -0.9469331 0.3214311 0 0.9978588 0.06540477 0 -0.55556 0.8314765 0 0 0 1 0 0 1 0.3214457 -0.946928 0 0 0 1 0.9807859 -0.1950875 0 0.9978589 0.06540364 0 -1 0 0 0.9978598 0.06538987 0 -0.3214257 -0.9469349 0 0 0 1 0.06540477 0.9978589 0 -0.9807856 0.1950886 0 0 0 1 0.8314676 0.5555734 0 -2.22975e-7 0 1 -0.3214314 -0.9469329 0 -0.7518426 0.6593427 0 -0.9978589 -0.06540447 0 0.06540119 0.9978591 0 -0.06540441 0.9978588 0 -0.1950639 -0.9807906 0 -0.751841 -0.6593446 0 0.3214319 0.9469327 0 -0.9807854 -0.1950904 0 0.5555715 -0.8314689 0 0.9807856 -0.195089 0 0.9807839 -0.1950977 0 0.3214408 -0.9469297 0 0.3214293 0.9469337 0 -0.9978592 -0.06539911 0 0 0 1 -0.9807879 -0.1950776 0 -0.00276798 0.02102559 0.9997752 0.997859 0.06540364 0 0 0 1 0 0 1 0 0.0189808 0.9998199 -0.9978593 -0.06539845 0 -0.8314675 -0.5555735 0 0 0 1 0 0 1 0.9807876 -0.195079 0 0.5555546 -0.8314801 0 -0.980785 -0.1950917 0 0 0 1 0.5555785 -0.8314642 0 -0.9469298 0.3214408 0 -0.9807855 0.1950896 0 -0.7518389 0.6593469 0 0.8968681 -0.4422982 0 -0.0654022 0.9978591 0 -0.5555564 -0.8314788 0 0.8968732 -0.4422877 0 0.5555709 -0.8314692 0 0 0 1 0.9469302 -0.3214392 0 0.5555704 0.8314695 0 0.5555734 0.8314676 0 -0.5555714 -0.8314689 0 -0.9807881 0.1950765 0 0 1 0 0.9469307 0.3214379 0 -0.7518387 0.6593472 0 -0.0654025 -0.9978591 0 0.896855 -0.4423249 0 -0.4422944 -0.89687 0 0.4422821 0.896876 0 0.06538796 0.99786 0 0 0 1 0.8314735 0.5555645 0 -0.06540477 0.9978589 0 0.4422904 0.8968719 0 0 0 1 0.7518333 0.6593534 0 -0.3214395 0.9469302 0 0.1950889 0.9807856 0 0.9807815 0.1951094 0 0 0 1 0.321439 0.9469303 0 0 0 1 -0.8314661 -0.5555755 0 1.5877e-7 0 1 1.23379e-7 0 1 0 0 1 0 0 1 0.4422941 0.8968701 0 0 -1 0 0.06539869 0.9978593 0 0.9469318 0.3214347 0 -0.4422934 -0.8968705 0 0.3214375 0.9469309 0 0 0 1 -0.8968759 0.4422822 0 -0.001651823 0.01254683 0.99992 -0.0653963 0.9978594 0 0.5555722 0.8314683 0 0 0 1 0.751826 0.6593617 0 -0.5555719 0.8314686 0 -0.8968735 0.4422874 0 0.9807851 0.1950914 0 0 0 1 -0.5555689 -0.8314705 0 0.0654025 -0.9978591 0 -0.7518383 0.6593475 0 -0.6593309 -0.7518529 0 -0.8314697 -0.5555702 0 0 0 1 0 1.7788e-7 1 -0.8314721 -0.5555667 0 -0.8968735 0.4422872 0 -0.5555676 -0.8314715 0 0.896879 -0.4422761 0 0 -2.27433e-7 1 -0.831488 -0.5555428 0 0.7518405 -0.6593452 0 0.5555731 -0.8314678 0 -0.6593449 -0.7518407 0 -0.5555723 0.8314682 0 1.37601e-7 0 1 0.3214403 -0.9469299 0 0.7518424 -0.659343 0 -0.6593431 -0.7518422 0 1.35907e-7 0 1 -0.06540817 -0.9978586 0 -0.3214406 0.9469298 0 0.6593453 0.7518403 0 0 0 1 0.8314638 0.555579 0 -0.06540209 0.9978591 0 -0.751836 -0.6593502 0 -0.659337 -0.7518477 0 0 0 1 0 0 1 -0.8968628 0.442309 0 0 0 1 0.6593391 0.7518458 0 -0.3214322 -0.9469327 0 -0.9469295 -0.3214414 0 -0.7518444 -0.6593407 0 0.0654031 -0.997859 0 0.8314695 0.5555705 0 0 1.46349e-7 1 -0.980786 0.1950867 0 -0.6593529 0.7518336 0 0 0 1 0 1 3.77326e-5 -0.8968724 0.4422896 0 -0.9978591 -0.06540173 -5.67921e-6 0.980785 -0.1950921 0 0 0 1 -0.65935 0.7518361 0 -0.8314675 -0.5555736 0 0 0 1 0 0 1 0.4422936 0.8968703 0 0 0 1 -0.5555716 0.8314688 0 0.831473 0.5555651 0 -1 -4.43487e-7 0 0.1950925 -0.9807848 0 0 0 1 0.5555611 -0.8314758 0 0.5555692 -0.8314704 0 -0.5555733 0.8314677 0 0 0 1 0 0 1 -0.9978588 -0.0654053 0 -0.3214405 -0.9469298 0 0.7518419 0.6593436 0 0 0 1 -0.5555694 0.8314702 0 1.44402e-7 -4.33078e-7 1 0 -1.50228e-7 1 0.06541877 -0.9978579 0 -0.1951026 0.9807829 0 0.1950892 -0.9807856 0 0 0 1 0 0 1 0.9978596 0.0653932 0 0.8968729 -0.4422883 0 -0.06539833 -0.9978593 0 0 0 1 0 -1.31539e-7 1 -0.1950902 -0.9807853 0 0.6593628 -0.751825 0 -0.5555709 -0.8314692 0 0.980786 0.1950871 0 0.3214415 0.9469295 0 0.6593599 0.7518275 0 0.7518423 -0.6593431 0 -0.0654031 -0.997859 0 0 0 1 -0.9469291 -0.3214426 0 -0.3214411 -0.9469296 0 0 -1.39487e-7 1 0.4422937 0.8968703 0 0.3214413 -0.9469296 0 -0.3214316 0.9469329 0 -0.5555738 0.8314673 0 -0.3214443 -0.9469285 0 0.6593557 -0.7518311 0 -0.06540197 0.997859 0 -0.4422964 -0.8968691 0 -0.8968767 0.4422808 0 1.23381e-7 0 1 1 0 0 0.06540209 0.9978591 0 0.8314844 0.5555482 0 0.06539803 -0.9978592 0 0 0 1 -0.06540042 -0.9978592 0 -0.1950981 -0.9807837 0 0.06540215 -0.9978591 0 0.5555551 0.8314797 0 -0.9469277 -0.3214467 0 -0.1950908 -0.9807852 0 0.7518405 -0.659345 0 -0.3214366 0.9469312 0 -1 7.30749e-6 4.76838e-5 0.6593408 0.7518442 0 0.8968793 -0.4422755 0 0.9469379 -0.3214169 0 0.9978592 0.06540012 0 0.06540232 -0.997859 0 -0.4422876 -0.8968733 0 0.3214402 -0.9469299 0 -1.82626e-7 0 1 -0.8968755 0.4422834 0 0 0 1 0.0654031 -0.997859 0 0 0 1 -0.751842 0.6593434 0 0.5555691 0.8314704 0 0.9469262 0.321451 0 0.1950994 0.9807835 0 0.3214323 0.9469326 0 0.1951019 0.9807831 0 -0.0653876 0.99786 0 0.896874 -0.4422862 0 0.7518448 -0.6593402 0 -0.7071061 0.7071076 0 0.707107 -0.7071067 0 -0.9978586 -0.06540834 0 -0.3214376 0.9469308 0 -0.9807851 0.1950913 0 -0.9469365 0.3214209 0 0.9978592 0.06539958 0 -0.5555605 0.8314762 0 0 0 1 0 0 1 0 1.92931e-7 1 0 2.27442e-7 1 0 0 1 0 0 1 0 0 1 0.9807853 -0.1950909 0 0.9978591 0.06540083 0 0.9978602 0.06538516 0 -0.3214251 -0.9469351 0 0 0 1 0.06540477 0.9978589 0 0 0 1 1.54439e-7 0 1 0.8314642 0.5555785 0 -2.03578e-7 0 1 -0.3214321 -0.9469326 0 0 0 1 -0.9978589 -0.06540501 0 0.06540083 0.9978591 0 -0.1950642 -0.9807904 0 -0.7518466 -0.6593381 0 0.3214328 0.9469324 0 -0.9807851 -0.1950912 0 0.555572 -0.8314686 0 0.980786 -0.1950873 0 0.980786 -0.1950867 0 0.3214293 0.9469337 0 -0.9978591 -0.06540024 0 0 0 1 -0.9807922 -0.1950557 0 0.9978596 0.06539416 0 0 0 1 -0.9978593 -0.06539845 0 0 0 1 0 0 1 0.5555479 -0.8314845 0 -0.9807843 -0.1950953 0 0 0 1 0.5555718 -0.8314686 0 -0.9807843 0.1950958 0 -0.7518399 0.6593459 0 -0.06540209 0.9978591 0 -0.5555591 -0.8314771 0 0.8968732 -0.4422877 -1.41954e-5 0.5555699 -0.8314698 0 0.946932 -0.3214341 0 0.5555675 0.8314715 0 0.5555745 0.8314667 0 -0.5555719 -0.8314687 0 -0.9807862 0.1950864 0 0.9469299 0.3214403 0 -0.7518395 0.6593463 0 -0.06540256 -0.9978591 0 -0.442293 -0.8968707 0 0.4422847 0.8968747 0 0.06538754 0.99786 0 0 0 1 0.8314734 0.5555648 0 0.4422888 0.8968726 0 0 -8.30924e-7 1 0 -6.50813e-7 1 0.7518347 0.6593518 0 -0.3214397 0.9469301 0 0.1950889 0.9807856 0 0.9807816 0.195109 0 0 0 1 0.321439 0.9469304 0 0 0 1 0 0 1 0 0 1 0 0 1 -0.8314657 -0.5555763 0 0 0 1 1.35907e-7 0 1 0 0 1 0 0 1 0.4422947 0.8968699 0 0.06539839 0.9978593 0 0.9469296 0.3214411 -2.26917e-4 -0.442294 -0.8968702 0 0.3214375 0.9469308 0 -0.8968759 0.4422822 0 -0.0653963 0.9978594 0 0 0 1 0.5555723 0.8314683 0 0 0 1 0.7518283 0.659359 0 -0.5555725 0.8314682 0 -0.8968722 0.4422899 0 0.9807854 0.1950898 0 0 0 1 -0.5555688 -0.8314707 0 0.0654025 -0.997859 0 -0.6593365 -0.751848 0 -0.8314698 -0.5555702 0 0 0 1 0 0 1 0 0 1 0 0 1 -0.8314727 -0.5555657 0 -0.8968741 0.4422858 0 -0.5555667 -0.8314719 0 0.8968768 -0.4422807 0 -1.24606e-7 -2.02524e-7 1 -1.404e-7 0 1 -0.8314853 -0.5555467 0 0.7518405 -0.6593452 0 0.5555723 -0.8314683 0 -0.6593477 -0.7518382 0 -0.5555619 0.8314753 0 1.37323e-7 0 1 0.3214395 -0.9469302 0 0.7518422 -0.6593433 0 -0.6593448 -0.7518408 0 1.46861e-7 0 1 -0.3214402 0.9469299 0 0.6593459 0.7518398 0 0 0 1 0.8314651 0.555577 0 -0.06540209 0.9978591 0 -0.7518374 -0.6593487 0 0 0 1 -0.8968673 0.4422999 0 0 0 1 0.6593423 0.751843 0 -0.3214325 -0.9469325 0 -0.9469301 -0.3214395 0 -0.7518433 -0.659342 0 0.0654031 -0.997859 0 0.8314722 0.5555666 0 0 0 1 1.96561e-7 0 1 2.54825e-7 0 1 -0.9807864 0.1950849 0 -0.6593642 0.7518237 0 0 0 1 2.2706e-6 1 0 -0.896872 0.4422904 0 -0.9978591 -0.0654022 0 0.9807855 -0.1950893 0 0 0 1 -0.6593499 0.7518362 0 -0.8314691 -0.555571 0 0 0 1 0 -1.49702e-7 1 0 0 1 0 0 1 -0.5555728 0.831468 0 0.8314692 0.555571 0 0.1950928 -0.9807848 0 0 0 1 0.5555604 -0.8314762 0 0.5555686 -0.8314709 0 -0.5555728 0.8314679 0 0 0 1 0 0 1 -0.9978582 -0.06541496 0 -0.3214405 -0.9469299 0 0.7518418 0.6593437 0 0 0 1 -0.5555698 0.83147 0 0 -4.99346e-7 1 0 0 1 0.06541877 -0.9978579 0 -0.1951026 0.9807829 0 0 0 1 1.4554e-7 0 1 0.9978602 0.06538385 0 0.8968724 -0.4422895 0 -0.06539756 -0.9978593 0 0 0 1 0 -1.3154e-7 1 -0.1950902 -0.9807853 0 0.6593608 -0.7518268 0 -0.5555707 -0.8314694 0 0.9807865 0.1950844 0 0.3214418 0.9469294 0 0.659357 0.7518301 0 0.7518413 -0.6593443 0 -0.0654031 -0.997859 0 0 0 1 -0.9469282 -0.3214451 0 0 -1.39487e-7 1 0.4422936 0.8968703 0 0.3214414 -0.9469296 0 -0.32143 0.9469333 0 -0.5555791 0.8314637 0 -0.3214432 -0.9469289 0 -0.06540268 0.997859 0 -0.8968787 0.4422767 0 1.35907e-7 0 1 1 4.43487e-7 0 0.06540209 0.9978591 0 0.8314887 0.5555416 0 0.06539797 -0.9978592 0 0 0 1 -0.06539994 -0.9978592 0 -0.1950984 -0.9807837 0 0.06540191 -0.997859 0 0.5555529 0.8314813 0 0 0 1 0.7518405 -0.659345 0 -0.3214374 0.9469309 0 0.896877 -0.4422801 0 0 0 1 0 0 1 0.9469335 -0.3214298 0 0.997859 0.06540203 0 0.06540197 -0.997859 0 -0.4422876 -0.8968733 0 0.3214404 -0.9469298 0 -0.8968746 0.4422849 0 0 0 1 0.06540304 -0.997859 0 0 0 1 -0.751846 0.6593387 0 0.5555694 0.8314701 0 0.9469281 0.3214458 0 0.1950997 0.9807835 0 0 0 1 0.1951025 0.9807829 0 -0.0653876 0.99786 0 0.7518448 -0.6593401 0 -0.7071079 0.7071058 0 0.7071073 -0.7071063 0 -0.9978585 -0.06540936 0</float_array>
          <technique_common>
            <accessor source="#ID9_021_003-mesh-normals-array" count="486" stride="3">
              <param name="X" type="float"/>
              <param name="Y" type="float"/>
              <param name="Z" type="float"/>
            </accessor>
          </technique_common>
        </source>
        <vertices id="ID9_021_003-mesh-vertices">
          <input semantic="POSITION" source="#ID9_021_003-mesh-positions"/>
        </vertices>
        <triangles material="ID9_024-material" count="580">
          <input semantic="VERTEX" source="#ID9_021_003-mesh-vertices" offset="0"/>
          <input semantic="NORMAL" source="#ID9_021_003-mesh-normals" offset="1"/>
          <p>0 0 1 0 2 0 3 1 4 1 5 1 6 2 7 2 8 2 9 3 10 3 11 3 12 4 13 4 14 4 15 5 16 5 17 5 18 6 19 6 20 6 21 7 22 7 23 7 24 8 25 8 26 8 27 9 28 9 29 9 30 10 31 10 32 10 33 11 34 11 35 11 36 12 37 12 38 12 39 13 40 13 41 13 42 14 43 14 44 14 45 15 46 15 47 15 48 16 49 16 50 16 37 17 51 17 38 17 52 18 53 18 54 18 55 19 56 19 57 19 58 20 59 20 60 20 61 10 62 10 63 10 64 21 65 21 66 21 67 22 68 22 69 22 70 23 71 23 72 23 73 24 74 24 75 24 76 10 77 10 78 10 79 25 80 25 81 25 82 26 83 26 84 26 85 27 86 27 87 27 88 28 76 28 78 28 89 29 90 29 91 29 92 30 93 30 94 30 95 31 96 31 97 31 98 32 99 32 100 32 28 33 101 33 102 33 103 34 104 34 105 34 106 35 107 35 108 35 109 36 110 36 111 36 62 37 112 37 63 37 113 38 114 38 115 38 116 39 117 39 118 39 119 40 30 40 120 40 121 41 48 41 122 41 123 42 8 42 124 42 125 43 126 43 127 43 128 44 129 44 130 44 131 45 122 45 48 45 132 46 31 46 30 46 133 47 134 47 135 47 136 48 137 48 138 48 76 15 139 15 140 15 141 49 142 49 143 49 144 50 145 50 146 50 147 51 148 51 149 51 150 52 82 52 84 52 45 53 151 53 152 53 153 54 154 54 155 54 156 55 157 55 158 55 159 56 160 56 161 56 162 57 163 57 164 57 165 58 166 58 167 58 168 59 169 59 170 59 65 60 171 60 66 60 172 61 173 61 174 61 175 62 176 62 177 62 178 63 55 63 57 63 167 64 179 64 180 64 181 65 182 65 183 65 184 66 185 66 186 66 187 67 188 67 189 67 190 68 191 68 192 68 43 69 193 69 194 69 195 70 196 70 197 70 198 71 199 71 200 71 201 10 33 10 202 10 203 72 178 72 204 72 205 73 206 73 207 73 38 74 208 74 209 74 210 75 211 75 212 75 213 76 214 76 215 76 152 77 216 77 45 77 217 78 218 78 219 78 220 79 55 79 221 79 222 80 143 80 223 80 224 81 150 81 84 81 225 82 226 82 227 82 228 83 229 83 230 83 231 84 232 84 233 84 234 85 235 85 236 85 188 86 181 86 183 86 237 87 129 87 238 87 168 88 239 88 240 88 241 10 55 10 242 10 158 10 179 10 166 10 243 89 244 89 245 89 162 90 246 90 247 90 248 91 249 91 250 91 251 92 174 92 252 92 253 93 254 93 255 93 256 94 257 94 258 94 259 95 31 95 260 95 151 96 46 96 152 96 261 97 262 97 263 97 264 98 265 98 266 98 267 99 268 99 269 99 228 100 109 100 270 100 271 101 272 101 273 101 124 102 8 102 7 102 46 103 274 103 152 103 275 10 276 10 92 10 277 104 278 104 279 104 280 105 281 105 282 105 275 106 283 106 284 106 280 107 285 107 286 107 287 108 288 108 289 108 290 109 44 109 291 109 292 110 253 110 255 110 293 111 294 111 295 111 203 112 241 112 242 112 296 113 297 113 298 113 66 114 299 114 300 114 301 115 302 115 303 115 12 10 304 10 305 10 25 116 306 116 307 116 219 117 308 117 309 117 303 10 302 10 310 10 309 118 311 118 312 118 250 119 313 119 248 119 314 120 315 120 316 120 317 10 318 10 319 10 320 121 321 121 322 121 98 122 291 122 44 122 94 123 323 123 92 123 324 124 325 124 326 124 327 125 116 125 118 125 317 126 328 126 329 126 330 127 331 127 332 127 58 128 103 128 105 128 333 129 334 129 335 129 246 130 336 130 247 130 337 131 338 131 339 131 39 132 340 132 341 132 342 133 343 133 344 133 345 134 346 134 347 134 348 135 349 135 350 135 351 136 352 136 353 136 354 137 355 137 356 137 357 138 358 138 359 138 360 10 361 10 191 10 301 139 362 139 363 139 364 140 365 140 366 140 231 141 367 141 368 141 315 142 184 142 186 142 20 143 369 143 370 143 371 144 372 144 373 144 318 145 374 145 319 145 375 146 61 146 376 146 377 147 378 147 379 147 135 148 380 148 133 148 381 149 292 149 255 149 382 150 310 150 383 150 213 151 384 151 89 151 340 152 385 152 341 152 386 153 387 153 331 153 366 154 350 154 364 154 48 155 388 155 131 155 252 156 389 156 251 156 390 157 131 157 388 157 304 158 391 158 305 158 392 159 393 159 394 159 306 160 395 160 396 160 397 161 398 161 399 161 380 162 400 162 401 162 343 163 86 163 402 163 403 164 404 164 405 164 379 165 263 165 262 165 117 166 406 166 407 166 408 15 170 15 169 15 127 167 409 167 410 167 55 168 203 168 242 168 71 169 411 169 72 169 278 170 294 170 412 170 413 10 195 10 414 10 415 171 416 171 417 171 418 172 281 172 419 172 420 173 421 173 422 173 74 10 423 10 404 10 424 174 425 174 325 174 426 175 427 175 428 175 6 176 429 176 7 176 430 177 431 177 432 177 433 178 401 178 400 178 434 179 2 179 1 179 27 180 435 180 436 180 22 181 115 181 114 181 437 182 337 182 339 182 381 15 253 15 357 15 438 183 344 183 343 183 70 184 439 184 440 184 441 185 442 185 443 185 175 186 421 186 444 186 445 187 296 187 298 187 259 188 446 188 32 188 447 189 448 189 449 189 384 190 450 190 89 190 68 191 397 191 69 191 17 192 212 192 15 192 451 193 452 193 453 193 148 194 454 194 149 194 6 69 455 69 456 69 351 195 457 195 458 195 343 15 85 15 344 15 224 196 459 196 460 196 461 197 54 197 462 197 463 198 464 198 465 198 445 199 466 199 467 199 254 200 381 200 255 200 269 201 432 201 267 201 468 202 413 202 414 202 128 203 469 203 470 203 471 204 472 204 452 204 97 205 473 205 474 205 475 206 476 206 477 206 478 207 201 207 202 207 479 208 480 208 481 208 482 209 483 209 484 209 485 210 307 210 486 210 85 211 11 211 402 211 487 212 75 212 74 212 488 213 392 213 489 213 289 214 490 214 287 214 491 215 492 215 493 215 494 216 357 216 495 216 496 217 497 217 283 217 493 218 411 218 491 218 387 219 498 219 148 219 47 220 499 220 45 220 500 221 501 221 502 221 139 222 77 222 140 222 465 223 503 223 64 223 426 224 504 224 505 224 506 10 507 10 206 10 508 225 367 225 509 225 510 226 511 226 512 226 513 227 514 227 515 227 384 228 214 228 516 228 437 229 517 229 518 229 159 10 145 10 519 10 520 230 393 230 521 230 438 10 343 10 402 10 198 10 511 10 522 10 507 231 207 231 206 231 459 232 523 232 524 232 525 233 45 233 216 233 526 234 527 234 142 234 434 235 528 235 529 235 481 236 530 236 153 236 531 237 532 237 533 237 534 238 535 238 513 238 408 239 240 239 239 239 533 240 536 240 531 240 537 241 373 241 538 241 539 242 352 242 540 242 541 243 427 243 542 243 138 244 543 244 136 244 405 245 544 245 545 245 346 10 476 10 347 10 264 10 257 10 546 10 547 246 548 246 549 246 550 247 551 247 492 247 552 248 553 248 536 248 554 249 555 249 372 249 284 250 276 250 275 250 299 251 463 251 300 251 193 252 556 252 194 252 0 253 557 253 1 253 3 1 472 1 4 1 9 3 558 3 10 3 12 254 559 254 13 254 15 5 560 5 16 5 18 255 506 255 19 255 21 256 561 256 22 256 24 257 395 257 25 257 27 258 562 258 28 258 32 259 446 259 30 259 446 260 234 260 30 260 234 261 120 261 30 261 33 11 563 11 34 11 38 262 209 262 473 262 473 263 96 263 38 263 96 264 36 264 38 264 39 265 564 265 40 265 42 266 565 266 43 266 45 15 152 15 46 15 48 267 121 267 49 267 37 268 566 268 51 268 52 269 483 269 53 269 55 270 567 270 56 270 58 20 568 20 59 20 61 10 569 10 62 10 66 271 300 271 463 271 463 272 465 272 66 272 465 10 64 10 66 10 67 273 570 273 68 273 72 10 493 10 492 10 492 10 551 10 72 10 551 274 70 274 72 274 73 275 423 275 74 275 76 276 140 276 77 276 79 25 425 25 80 25 82 277 571 277 83 277 85 278 402 278 86 278 88 28 572 28 76 28 89 279 450 279 90 279 92 280 276 280 93 280 95 281 36 281 96 281 98 282 556 282 99 282 28 283 562 283 101 283 103 284 573 284 104 284 106 285 361 285 107 285 109 36 574 36 110 36 62 286 575 286 112 286 113 287 576 287 114 287 116 288 577 288 117 288 119 289 132 289 30 289 123 290 455 290 8 290 125 291 243 291 126 291 128 10 470 10 129 10 132 292 260 292 31 292 133 47 578 47 134 47 136 293 501 293 137 293 76 15 572 15 139 15 141 294 526 294 142 294 144 50 519 50 145 50 147 295 579 295 148 295 150 296 580 296 82 296 45 297 499 297 151 297 153 298 530 298 154 298 156 55 271 55 157 55 159 299 581 299 160 299 162 300 582 300 163 300 165 58 583 58 166 58 168 301 584 301 169 301 65 302 585 302 171 302 172 303 586 303 173 303 175 304 444 304 176 304 178 10 242 10 55 10 167 305 166 305 179 305 181 306 587 306 182 306 184 307 588 307 185 307 187 308 589 308 188 308 190 309 360 309 191 309 43 69 565 69 193 69 195 310 590 310 196 310 198 311 591 311 199 311 201 10 563 10 33 10 203 312 242 312 178 312 205 73 592 73 206 73 38 313 51 313 208 313 210 314 593 314 211 314 213 315 547 315 214 315 152 316 274 316 216 316 217 317 594 317 218 317 220 79 567 79 55 79 222 318 141 318 143 318 84 319 83 319 523 319 523 320 595 320 84 320 595 10 224 10 84 10 225 321 310 321 226 321 228 322 270 322 229 322 231 323 596 323 232 323 234 324 446 324 235 324 188 325 589 325 181 325 237 326 130 326 129 326 168 327 170 327 239 327 241 328 221 328 55 328 166 329 583 329 272 329 272 330 156 330 166 330 156 10 158 10 166 10 243 331 125 331 244 331 162 332 164 332 246 332 248 333 448 333 249 333 251 334 172 334 174 334 253 335 494 335 254 335 256 336 546 336 257 336 259 95 32 95 31 95 151 337 597 337 46 337 261 338 598 338 262 338 264 339 599 339 265 339 267 340 600 340 268 340 228 10 574 10 109 10 271 341 156 341 272 341 46 342 601 342 274 342 92 10 323 10 602 10 602 343 496 343 92 343 496 10 275 10 92 10 277 344 603 344 278 344 280 345 419 345 281 345 275 346 496 346 283 346 280 347 282 347 285 347 287 348 604 348 288 348 290 349 42 349 44 349 292 350 358 350 253 350 293 351 412 351 294 351 203 352 605 352 241 352 296 113 606 113 297 113 66 353 171 353 299 353 301 354 607 354 302 354 12 355 14 355 304 355 306 356 486 356 307 356 307 329 415 329 26 329 26 10 25 10 307 10 219 10 218 10 308 10 302 10 383 10 310 10 310 357 225 357 303 357 225 358 362 358 303 358 309 359 308 359 311 359 250 360 608 360 313 360 314 361 609 361 315 361 317 10 329 10 318 10 320 362 490 362 321 362 43 10 194 10 44 10 194 363 556 363 44 363 556 364 98 364 44 364 94 365 610 365 323 365 324 366 424 366 325 366 327 367 611 367 116 367 317 368 612 368 328 368 330 369 386 369 331 369 58 370 60 370 103 370 333 371 534 371 334 371 246 372 613 372 336 372 337 373 614 373 338 373 39 374 41 374 340 374 342 133 615 133 343 133 345 375 616 375 346 375 348 376 617 376 349 376 351 377 458 377 352 377 354 378 401 378 355 378 357 379 253 379 358 379 360 10 107 10 361 10 301 380 303 380 362 380 364 140 618 140 365 140 231 10 233 10 367 10 315 381 609 381 184 381 20 382 19 382 369 382 371 383 554 383 372 383 318 384 619 384 374 384 375 385 569 385 61 385 377 386 620 386 378 386 135 387 621 387 380 387 381 388 622 388 292 388 382 389 226 389 310 389 91 390 548 390 213 390 213 391 215 391 384 391 89 392 91 392 213 392 340 393 623 393 385 393 386 394 624 394 387 394 366 395 348 395 350 395 48 396 50 396 388 396 252 397 625 397 389 397 390 398 122 398 131 398 304 399 626 399 391 399 392 400 627 400 393 400 306 401 25 401 395 401 397 402 628 402 398 402 401 403 354 403 578 403 578 10 133 10 401 10 133 404 380 404 401 404 343 405 615 405 86 405 403 164 629 164 404 164 379 406 378 406 263 406 117 407 577 407 406 407 408 15 239 15 170 15 127 408 126 408 409 408 55 15 567 15 203 15 71 409 630 409 411 409 278 410 603 410 294 410 413 10 590 10 195 10 415 411 307 411 416 411 418 412 631 412 281 412 420 413 632 413 421 413 423 414 544 414 404 414 404 10 629 10 487 10 487 10 74 10 404 10 424 10 80 10 425 10 426 415 542 415 427 415 6 416 456 416 429 416 430 417 633 417 431 417 433 418 355 418 401 418 434 419 529 419 2 419 27 420 29 420 435 420 22 421 561 421 115 421 437 422 518 422 337 422 381 15 255 15 253 15 438 423 441 423 344 423 70 424 551 424 439 424 441 185 438 185 442 185 175 425 422 425 421 425 445 426 467 426 296 426 259 427 235 427 446 427 447 428 249 428 448 428 384 429 516 429 450 429 68 430 628 430 397 430 17 431 210 431 212 431 451 432 471 432 452 432 148 433 498 433 454 433 6 69 8 69 455 69 351 434 634 434 457 434 343 15 402 15 85 15 224 435 595 435 459 435 461 436 52 436 54 436 463 437 635 437 464 437 445 438 636 438 466 438 254 439 637 439 381 439 269 440 430 440 432 440 468 441 638 441 413 441 128 203 639 203 469 203 471 442 4 442 472 442 97 443 96 443 473 443 475 444 640 444 476 444 478 445 641 445 201 445 479 446 642 446 480 446 482 447 53 447 483 447 485 210 416 210 307 210 85 448 9 448 11 448 487 212 643 212 75 212 488 449 627 449 392 449 289 450 321 450 490 450 491 451 550 451 492 451 494 452 253 452 357 452 496 453 602 453 497 453 493 454 72 454 411 454 148 455 579 455 332 455 332 10 331 10 148 10 331 10 387 10 148 10 47 456 644 456 499 456 500 457 137 457 501 457 139 458 645 458 77 458 465 459 464 459 503 459 426 224 428 224 504 224 592 10 369 10 206 10 369 263 19 263 206 263 19 460 506 460 206 460 508 225 368 225 367 225 510 461 522 461 511 461 513 462 535 462 514 462 384 15 215 15 214 15 437 229 646 229 517 229 159 10 161 10 145 10 520 463 394 463 393 463 402 464 11 464 438 464 11 403 10 403 438 403 10 465 442 465 438 465 198 10 200 10 511 10 507 466 647 466 207 466 459 467 595 467 523 467 525 468 47 468 45 468 526 469 648 469 527 469 434 470 649 470 528 470 481 10 480 10 530 10 531 471 650 471 532 471 534 472 333 472 535 472 408 473 651 473 240 473 533 474 552 474 536 474 537 475 371 475 373 475 539 476 353 476 352 476 541 477 652 477 427 477 138 478 653 478 543 478 405 245 404 245 544 245 346 479 477 479 476 479 264 293 266 293 257 293 547 480 213 480 548 480 550 481 439 481 551 481 552 248 654 248 553 248 554 482 655 482 555 482 284 483 93 483 276 483 299 484 635 484 463 484 193 485 99 485 556 485</p>
        </triangles>
      </mesh>
    </geometry>
    <geometry id="ID9_021_002-mesh" name="ID9.021_002">
      <mesh>
        <source id="ID9_021_002-mesh-positions">
          <float_array id="ID9_021_002-mesh-positions-array" count="1206">-14.50096 0.4130246 0 -13.97265 1.688476 0 -14.47825 1.937812 0 -1.168931 -0.533487 0 -2.168931 -0.191953 1.37836e-7 -1.168931 -0.8164809 0 10.89562 12.88916 -7.93487e-7 9.871579 15.86511 -9.07108e-7 8.895387 14.88892 -9.07108e-7 -0.168931 0.2225251 0 0.6766148 0.3604211 0 -1.477839 0.222525 0 -2.477839 -0.882223 1.50874e-7 -3.168931 -0.882223 1.80677e-7 -0.4778394 -0.8822229 0 -1.168931 -0.8822229 0 12.30929 13.10763 -8.028e-7 10.97579 12.75032 -7.87899e-7 10.98369 12.71058 -7.86036e-7 8.795145 14.95631 -7.87899e-7 8.83148 14.93839 -7.89762e-7 9.521752 16.13397 -8.19564e-7 11.19101 1.206136 0 10.09575 2.046554 0 9.724057 1.622712 0 2.978095 10.96012 -0.01110059 3.274416 10.90118 0 3.15829 12.32885 0 2.676614 12.36042 -0.009713351 2.676614 10.97988 -0.009713351 -2.956064 15.10762 -8.56817e-7 -1.630468 14.71058 -7.97212e-7 -1.622564 14.75031 -7.97212e-7 -18.32339 11.20892 1.22935e-7 -19.01011 10.49667 1.78814e-7 -17.62957 10.49667 1.80677e-7 11.67661 8.131385 1.24797e-7 11.85248 7.941252 1.32248e-7 12.36688 8.670153 -7.82311e-7 -1.323386 10.97988 -9.59262e-7 -1.323386 12.36042 -8.41916e-7 -12.27595 13.71759 0 -2.370825 5.622711 0 -11.29975 14.69375 0 6.172992 7.197402 0 4.839492 7.554711 0 4.658287 7.020889 0 -16.72946 14.50258 1.2666e-7 -16.47825 14.67043 1.37836e-7 -17.16852 15.86602 0 -7.478121 -0.4416074 0 -7.168649 -0.5986313 0 -6.850213 0.6441507 1.21072e-7 -7.010837 -0.6707612 0 -6.687043 0.5851348 1.28523e-7 -6.354161 0.4873148 1.43424e-7 -6.850213 -0.7363893 1.21072e-7 -6.687043 -0.7954073 1.28523e-7 -6.521601 0.5328268 1.35973e-7 -6.185003 0.4486768 1.50874e-7 -6.521601 -0.8477132 1.35973e-7 -6.354161 -0.8932252 1.43424e-7 -6.014409 0.4169747 1.58325e-7 -6.185003 -0.9318632 1.50874e-7 -6.014409 -0.9635652 1.58325e-7 -5.842663 0.3922648 1.65775e-7 -5.842663 -0.9882771 1.65775e-7 -5.670053 -1.005957 1.73226e-7 -5.670053 0.3745829 1.73226e-7 -5.496863 -1.016577 1.80677e-7 -5.496863 0.3639629 1.80677e-7 -5.323385 -1.020119 1.88127e-7 -5.323385 0.3604208 1.88127e-7 0.6766148 -1.020119 0 -3.168931 -0.816481 1.80677e-7 -3.323385 0.3604209 1.88127e-7 -7.635933 -0.3694775 0 -7.010837 0.7097787 0 -7.796557 -0.3038494 0 -7.168649 0.7819088 0 -7.959727 -0.2448334 0 -7.478121 0.9389327 0 -8.12517 -0.1925255 0 -7.635933 1.011063 0 -8.292611 -0.1470134 0 -7.796557 1.076691 0 -8.46177 -0.1083756 0 -7.959727 1.135709 0 -8.632363 -0.07667356 0 -8.292611 1.233526 0 -8.804107 -0.0519635 0 -8.46177 1.272164 0 -8.976717 -0.03428155 0 -8.804107 1.328578 0 -9.149909 -0.02366161 0 -8.976717 1.346258 0 -8.12517 1.188014 0 -13.06612 0.02855992 0 -12.32339 -0.02012223 0 -12.32339 1.360418 0 -9.323387 -0.02011966 0 -9.149909 1.356878 0 -8.632363 1.303866 0 -9.323387 1.36042 0 -13.79614 0.1737701 0 -13.43883 1.50727 0 -12.88592 1.397288 0 -15.7874 1.155755 0 -15.16852 0.7422307 0 -14.94698 2.25101 0 -16.83778 2.206133 4.5076e-7 -16.34702 1.646521 0 -15.74252 3.04655 0 -15.37083 2.622709 0 -17.58051 3.492577 4.5076e-7 -17.25131 2.825015 4.5076e-7 -16.05572 3.515283 0 -17.96498 4.927419 4.5076e-7 -17.81976 4.197399 4.5076e-7 -16.48627 4.554709 1.39698e-7 -16.30506 4.020887 0 -16.63312 5.670149 4.5076e-7 -18.01366 5.670149 4.5076e-7 -16.59625 5.107617 4.48897e-7 -2.168931 -0.126211 1.37836e-7 -1.551474 -0.126211 0 -2.168931 0.156783 1.37836e-7 -1.551474 0.156783 0 -2.168931 0.222525 1.37836e-7 -2.477839 -0.467745 1.50874e-7 -2.551474 -0.816481 1.546e-7 -2.551474 -0.5334871 1.546e-7 -3.168931 -0.5334871 1.80677e-7 2.768443 0.3604214 0 0.5221605 -0.1919529 0 2.768443 -1.020119 0 -0.4778394 -0.4677449 0 -3.168931 -0.467745 1.80677e-7 -1.168931 -0.467745 0 -0.5514736 -0.8164809 0 -0.5514736 -0.533487 0 11.87182 13.86536 -8.36328e-7 -0.168931 -0.1262109 0 0.4485264 -0.1262109 0 -0.168931 0.1567831 0 0.4485264 0.1567831 0 -1.477839 -0.191953 0 -0.168931 -0.1919529 0 0.5221605 0.2225251 0 10.98635 8.670153 -7.84174e-7 12.36688 12.67015 -8.69855e-7 12.35242 12.89078 -7.93487e-7 10.98634 12.67015 -8.71718e-7 12.23822 13.31699 -8.10251e-7 10.96277 12.78868 -7.87899e-7 12.14043 13.51529 -8.21426e-7 10.94485 12.82502 -7.91624e-7 12.0176 13.69913 -8.27014e-7 10.92234 12.85871 -7.89762e-7 8.897238 16.34596 -7.93487e-7 8.676612 16.36042 -9.59262e-7 8.676612 14.97988 -9.59262e-7 2.676612 16.36042 -8.71718e-7 4.167844 15.78601 -8.06525e-7 4.167844 15.55429 -8.06525e-7 9.323451 16.23176 -8.12113e-7 9.114089 16.30283 -8.028e-7 8.756777 14.96933 -7.86036e-7 8.717042 14.97723 -7.86036e-7 9.705588 16.01114 -8.28877e-7 8.895627 14.88916 -7.93487e-7 9.871815 15.86535 -8.36328e-7 8.865167 14.91588 -7.91624e-7 3.47038 15.55429 -8.36328e-7 3.47038 15.49429 -8.36328e-7 3.405512 15.49429 -8.40053e-7 3.21538 15.67015 -8.47504e-7 2.676612 14.97988 -8.71718e-7 11.50075 7.876384 1.3411e-7 10.98635 6.670153 0 11.56075 7.178921 1.65775e-7 10.98635 4.670152 0 12.36688 6.670153 0 10.94947 4.10762 0 12.36688 4.670152 0 11.56075 7.876384 1.35973e-7 11.79248 7.178921 1.63913e-7 12.3182 3.927422 0 11.93374 2.49258 0 12.17299 3.197402 0 10.83949 3.554712 0 11.60453 1.825018 0 10.40895 2.515286 0 10.65829 3.02089 0 10.14063 0.155758 0 10.70024 0.646524 0 9.300213 1.251014 0 8.854188 -0.5869721 0 9.52175 -0.257766 0 8.325878 0.6884799 0 8.83148 0.9378159 0 7.419344 -0.9714381 1.546e-7 8.149366 -0.8262261 1.22935e-7 7.792055 0.507272 1.37836e-7 2.866615 -1.020119 0 6.676615 -1.020118 1.86265e-7 6.676615 0.3604219 1.86265e-7 7.239147 0.3972918 1.6205e-7 2.866615 0.3604214 0 -1.323388 14.97988 -9.59262e-7 3.405512 15.84602 -8.40053e-7 -1.363816 14.97723 -7.86036e-7 -1.323388 16.36042 -8.41916e-7 3.47038 15.84602 -8.36328e-7 3.47038 15.78601 -8.36328e-7 -1.544012 16.34596 -7.93487e-7 -1.760862 16.30283 -8.04663e-7 -1.970226 16.23176 -8.12113e-7 -1.403552 14.96933 -7.87899e-7 -2.168524 16.13397 -8.21426e-7 -1.441915 14.9563 -7.89762e-7 -2.35236 16.01113 -8.28877e-7 -1.478252 14.93838 -7.89762e-7 -2.51859 15.86535 -8.36328e-7 -1.51194 14.91588 -7.93487e-7 -2.664369 15.69912 -8.41916e-7 -1.5424 14.88916 -7.93487e-7 -2.787204 15.51529 -8.49366e-7 -1.569113 14.8587 -7.95349e-7 -2.884993 15.31699 -8.51229e-7 -1.591622 14.82502 -7.97212e-7 -2.999198 14.89077 -8.58679e-7 -1.633116 14.67015 -8.71718e-7 -3.013656 14.67015 -8.71718e-7 -3.013655 12.67015 -7.84174e-7 -1.633115 12.67015 -7.84174e-7 -1.630466 12.62972 -7.84174e-7 -2.999196 12.44953 -7.91624e-7 -2.956062 12.23268 -8.00937e-7 -1.622562 12.58999 -7.87899e-7 -2.884991 12.02331 -8.10251e-7 -2.787201 11.82501 -8.19564e-7 -1.60954 12.55162 -7.87899e-7 -2.664367 11.64118 -8.27014e-7 -1.59162 12.51529 -7.89762e-7 -2.518588 11.47495 -8.34465e-7 -1.569111 12.4816 -7.89762e-7 -2.352357 11.32917 -8.41916e-7 -1.542398 12.45114 -7.91624e-7 -2.168521 11.20633 -8.45641e-7 -1.511938 12.42442 -7.93487e-7 -1.970223 11.10855 -8.51229e-7 -1.478252 12.40192 -7.93487e-7 -1.760859 11.03748 -8.53091e-7 -1.441914 12.384 -7.95349e-7 -1.544009 10.99434 -8.54954e-7 -1.40355 12.37098 -7.97212e-7 -1.363814 12.36307 -7.95349e-7 -1.609542 14.78868 -7.95349e-7 -16.66496 7.189427 0 -16.68967 7.361174 0 -18.0455 7.189428 0 -16.72137 7.531768 0 -18.02782 7.016818 0 -16.64728 7.016818 0 -16.76001 7.700926 0 -18.07021 7.361174 0 -16.80552 7.868365 0 -18.10191 7.531768 0 -16.85783 8.033808 0 -16.91685 8.196978 0 -18.14055 7.700926 0 -16.98247 8.357604 0 -18.18606 7.868366 0 -17.0546 8.515415 0 -18.23837 8.033809 0 -17.21163 8.824888 0 -18.29739 8.196979 0 -18.0172 6.843628 0 -16.63666 6.843627 0 -16.63312 6.67015 0 -18.01366 6.67015 0 -17.28376 8.982699 0 -18.36301 8.357604 0 -17.34939 9.143322 0 -18.43515 8.515416 0 -17.4084 9.306492 1.28523e-7 -18.59217 8.824889 0 -17.46071 9.471937 1.35973e-7 -18.6643 8.9827 0 -17.50622 9.639374 1.43424e-7 -18.72993 9.143322 1.21072e-7 -17.54486 9.808532 1.50874e-7 -18.78894 9.306492 1.28523e-7 -17.57656 9.979126 1.56462e-7 -18.88676 9.639375 1.41561e-7 -17.60127 10.15087 1.63913e-7 -18.9254 9.808533 1.49012e-7 -17.61895 10.32348 1.71363e-7 -18.98181 10.15087 1.63913e-7 -18.99949 10.32348 1.73226e-7 -17.63312 10.67015 0 -17.63311 12.67015 0 -18.14752 11.46392 1.35973e-7 -18.84125 9.471937 1.3411e-7 -18.14752 11.39905 1.32248e-7 -19.01366 10.67015 0 -18.9571 9.979126 1.58325e-7 11.50075 7.941252 1.30385e-7 11.85248 7.876384 1.35973e-7 11.79248 7.876384 1.3411e-7 -3.347014 4.646523 0 -1.946984 5.251013 0 -2.787401 4.155757 0 -2.168519 3.742233 0 -1.478252 4.937815 0 -1.500958 3.413027 0 -0.9726469 4.688479 0 -0.7961351 3.173773 1.24797e-7 -0.06611549 3.028561 1.56462e-7 -0.4388258 4.507271 1.39698e-7 0.6766147 2.979881 1.88127e-7 0.114082 4.397291 1.63913e-7 1.419345 3.028561 1.56462e-7 0.6766146 4.360421 1.88127e-7 2.149364 3.173773 1.24797e-7 1.239147 4.397291 1.63913e-7 2.854187 3.413027 0 2.325876 4.688479 0 3.521748 3.742233 0 2.831481 4.937815 0 4.140631 4.155757 0 3.300213 5.251013 0 4.700243 4.646523 0 3.724054 5.622711 0 5.191008 5.206135 0 5.604532 5.825017 0 4.095752 6.046553 0 5.933738 6.49258 0 4.40895 6.515285 0 6.318202 7.927422 0 4.949474 8.107621 0 6.366884 8.67015 0 4.986345 8.67015 0 4.966585 8.971632 1.73226e-7 6.335313 9.151827 1.65775e-7 6.241142 9.625266 1.47149e-7 4.907642 9.267953 1.60187e-7 6.085981 10.08236 1.24797e-7 4.810525 9.554047 1.47149e-7 5.872482 10.51528 0 4.676898 9.825016 1.35973e-7 5.604303 10.91664 0 5.286029 11.27957 0 4.509046 10.07622 1.24797e-7 4.923109 11.59784 0 4.082689 10.50258 0 4.521748 11.86602 0 3.83148 10.67043 0 4.08882 12.07952 0 3.56051 10.80406 0 3.631726 12.23468 0 4.309841 10.30338 0 1.792055 4.507271 1.39698e-7 -18.98209 13.15183 0 -19.01366 12.67015 0 -18.43925 12.16138 1.65775e-7 -18.49925 11.46392 1.3411e-7 -18.49925 11.39905 1.30385e-7 -18.43925 11.46392 1.35973e-7 -18.88791 13.62526 0 -17.61335 12.97163 0 -18.51925 14.51528 0 -18.73275 14.08236 0 -17.4573 13.55405 0 -17.9328 15.27957 0 -18.25107 14.91664 0 -17.15582 14.07622 0 -17.32367 13.82501 0 -17.56988 15.59784 0 -16.95661 14.30338 0 -16.2785 16.23468 1.45286e-7 -16.73559 16.07952 1.2666e-7 -16.20728 14.80406 1.49012e-7 -15.32339 16.36042 1.88127e-7 -15.80506 16.32885 1.65775e-7 -15.32339 14.97988 1.88127e-7 -15.62487 14.96012 1.75089e-7 -13.85064 16.16653 1.22935e-7 -14.58066 16.31174 1.546e-7 -14.20795 14.83303 1.37836e-7 -14.76085 14.94301 1.6205e-7 -12.47825 15.59807 0 -13.14581 15.92727 0 -13.67412 14.65182 0 -11.85937 15.18454 0 -12.69979 14.08929 0 -13.16852 14.40249 0 -18.20752 12.16138 1.63913e-7 -18.20752 11.46392 1.3411e-7 -17.55441 13.26795 0 -15.92119 14.90118 1.6205e-7</float_array>
          <technique_common>
            <accessor source="#ID9_021_002-mesh-positions-array" count="402" stride="3">
              <param name="X" type="float"/>
              <param name="Y" type="float"/>
              <param name="Z" type="float"/>
            </accessor>
          </technique_common>
        </source>
        <source id="ID9_021_002-mesh-normals">
          <float_array id="ID9_021_002-mesh-normals-array" count="783">0 0 1 1.37836e-7 0 1 0 0 1 4.23161e-5 -0.4678972 -0.8837829 -4.22281e-5 -0.4678971 -0.883783 4.22875e-5 -0.4678973 -0.8837829 4.62186e-5 0.7774495 0.6289454 -4.59944e-5 0.7774495 0.6289454 4.62545e-5 0.7774495 0.6289454 0 0 1 0 0 1 -0.03804963 -0.003094911 0.9992711 -0.02051556 -0.005407392 0.9997749 0.004601359 0 0.9999895 0 0 1 0 0 1 7.45401e-7 7.28674e-7 1 0.002428114 0 0.9999971 0 0 1 0 0 1 0 0 1 0 0 1 -6.85989e-7 1.65869e-7 1 0 0 1 0 0 1 0 0 1 0 0 1 0 0 1 0 0 1 0 0 1 0 0 1 0 0 1 0 0 1 0 0 1 0 -4.35849e-7 1 0 5.62081e-7 1 0 0 1 0 0 1 0 0 1 0 0 1 0 0 1 0 0 1 0 0 1 0 0 1 0 0 1 -6.46549e-7 2.62399e-7 1 6.15466e-7 -2.65743e-7 1 2.93466e-7 1.44719e-7 1 2.72064e-7 1.81789e-7 1 2.21464e-7 0 1 3.09847e-7 0 1 0 0 1 0 0 1 2.78096e-7 -1.67292e-7 1 2.72064e-7 1.8179e-7 1 0 -5.44689e-7 1 2.93466e-7 1.44721e-7 1 2.23232e-7 0 1 0 0 1 0 0 1 0 0 1 0 0 1 0 0 1 0 0 1 0 0 1 0 0 1 0 0 1 0 0 1 0 0 1 0 -3.14065e-7 1 1.37836e-7 0 1 0 0 1 0 0 1 1.99446e-7 1.30505e-6 1 0 -7.34813e-7 1 0 0 1 0 -3.46225e-7 1 0 0 1 2.82015e-7 -2.10074e-6 1 0 0 1 0 0 1 0 0 1 0 0 1 0 0 1 0 0 1 0 0 1 0 0 1 0 0 1 -7.51386e-7 0 1 0 1.51374e-7 1 0 0 1 0 0 1 0 0 1 0 0 1 0 0 1 0 0 1 0 0 1 0 0 1 0 0 1 0 0 1 0 0 1 0 0 1 0 0 1 0 0 1 0 -1.51375e-7 1 -4.24758e-6 5.64641e-7 1 0 0 1 -3.05537e-7 0 1 0 -3.25837e-7 1 0 0 1 0 -3.13107e-7 1 0 0 1 1.63355e-7 0 1 0 0 1 0 0 1 0 0 1 0 0 1 0 0 1 2.26376e-7 0 1 0 0 1 0 0 1 0 0 1 4.29037e-6 0 1 0 0 1 0 0 1 0 0 1 2.17277e-7 0 1 0 0 1 0 0 1 0 0 1 0 0 1 0 0 1 0 0 1 0 0 1 0 0 1 0 0 1 0 0 1 0 0 1 0 0 1 -2.85066e-7 -1.82424e-6 1 0 0 1 0 0 1 0 0 1 0 0 1 0 0 1 0 0 1 0 0 1 0 0 1 0 0 1 0 0 1 0 0 1 0 0 1 0 0 1 0 0 1 0 0 1 4.65914e-7 0 1 0 0 1 1.14628e-6 0 1 0 0 1 0 0 1 0 0 1 0 0 1 0 0 1 0 0 1 0 0 1 0 0 1 0 0 1 0 0 1 0 0 1 0 0 1 0 0 1 0 0 1 0 0 1 0 0 1 0 4.5076e-7 1 0 4.5076e-7 1 2.58359e-7 -6.36598e-7 1 0 0 1 0 0 1 0 0 1 0 0 1 0 0 1 0 0 1 0 0 1 0 0 1 0 0 1 1.65871e-7 -6.85996e-7 1 0 0 1 0 0 1 2.64331e-7 0 1 1.00708e-6 1.06209e-6 1 0 0 1 0 0 1 1.75725e-7 0 1 -9.67151e-7 1.01094e-6 1 0 -1.24114e-7 1 0 0 1 0 0 1 0 0 1 0 0 1 0 0 1 -1.18013e-6 3.92086e-7 1 -1.69649e-6 0 1 2.98129e-7 0 1 1.18157e-6 3.91156e-7 1 0 0 1 -7.51432e-7 7.2442e-7 1 1.69649e-6 0 1 0 1.6854e-6 1 0.002428054 0 0.9999971 -1.55234e-7 0 1 0 0 1 0 0 1 0 0 1 0 0 1 0 0 1 0 0 1 1.55235e-7 0 1 0 -5.74583e-7 1 0 -3.40863e-7 1 0 0 1 0 0 1 0 2.68038e-7 1 0 0 1 0 0 1 0 0 1 0 0 1 0 0 1 -2.43353e-7 0 1 0 0 1 0 0 1 -2.92699e-7 2.92698e-7 1 0 0 1 2.43353e-7 0 1 -2.72765e-7 0 1 -2.60706e-7 0 1 0 0 1 0 0 1 -1.72098e-7 0 1 -3.05532e-7 0 1 0 0 1 0 0 1 -2.71981e-7 0 1 0 0 1 0 0 1 0 0 1 0 0 1 0 0 1 0 0 1 1.63353e-7 0 1 2.26373e-7 0 1 0 0 1 -3.93938e-7 -1.86634e-7 1 0 1.71778e-7 1 0 1.84488e-7 1 0 0 1 0 0 1 2.98126e-7 0 1 3.02945e-7 0 1 0 0 1 0 0 1</float_array>
          <technique_common>
            <accessor source="#ID9_021_002-mesh-normals-array" count="261" stride="3">
              <param name="X" type="float"/>
              <param name="Y" type="float"/>
              <param name="Z" type="float"/>
            </accessor>
          </technique_common>
        </source>
        <vertices id="ID9_021_002-mesh-vertices">
          <input semantic="POSITION" source="#ID9_021_002-mesh-positions"/>
        </vertices>
        <triangles material="ID9_023-material" count="410">
          <input semantic="VERTEX" source="#ID9_021_002-mesh-vertices" offset="0"/>
          <input semantic="NORMAL" source="#ID9_021_002-mesh-normals" offset="1"/>
          <p>0 0 1 0 2 0 3 1 4 1 5 1 6 2 7 2 8 2 9 0 10 0 11 0 12 3 13 4 14 5 15 6 12 7 14 8 16 9 17 9 18 9 19 10 20 10 21 10 22 0 23 0 24 0 25 11 26 11 27 11 28 12 25 12 27 12 29 13 25 13 28 13 30 14 31 14 32 14 33 15 34 15 35 15 36 16 37 16 38 16 39 17 28 17 40 17 41 0 42 0 43 0 44 0 45 0 46 0 47 18 48 18 49 18 50 19 51 19 52 19 51 20 53 20 54 20 55 21 56 21 57 21 53 22 56 22 58 22 59 23 57 23 60 23 60 24 61 24 59 24 59 25 61 25 62 25 61 26 63 26 62 26 63 27 64 27 65 27 62 28 63 28 65 28 64 29 66 29 65 29 66 30 67 30 68 30 67 31 69 31 70 31 69 32 71 32 72 32 67 33 70 33 68 33 71 34 73 34 13 34 73 35 14 35 13 35 13 36 74 36 71 36 74 37 75 37 71 37 56 38 55 38 58 38 57 39 59 39 55 39 76 0 50 0 77 0 65 40 66 40 68 40 71 41 75 41 72 41 78 0 76 0 79 0 72 42 70 42 69 42 80 0 78 0 81 0 53 43 58 43 54 43 82 0 80 0 83 0 51 44 54 44 52 44 84 0 82 0 85 0 50 45 52 45 77 45 86 0 84 0 87 0 76 0 77 0 79 0 88 0 86 0 89 0 78 0 79 0 81 0 90 0 88 0 91 0 80 0 81 0 83 0 92 0 90 0 93 0 82 0 83 0 85 0 94 0 92 0 95 0 84 0 85 0 87 0 86 0 96 0 89 0 97 0 98 0 99 0 98 0 100 0 99 0 100 0 94 0 101 0 86 0 87 0 96 0 88 0 89 0 91 0 90 0 102 0 93 0 91 0 102 0 90 0 92 0 93 0 95 0 95 0 101 0 94 0 101 0 103 0 100 0 103 0 99 0 100 0 0 0 104 0 105 0 104 0 97 0 106 0 107 0 108 0 109 0 108 0 0 0 2 0 109 0 108 0 2 0 110 46 111 46 112 46 111 0 107 0 113 0 112 0 111 0 113 0 114 47 115 47 116 47 115 48 110 48 112 48 117 49 118 49 119 49 118 50 114 50 120 50 121 51 122 51 123 51 122 52 117 52 123 52 118 53 120 53 119 53 115 54 112 54 116 54 104 0 106 0 105 0 119 55 123 55 117 55 97 0 99 0 106 0 116 56 120 56 114 56 0 0 105 0 1 0 113 0 107 0 109 0 124 57 125 57 126 57 125 57 127 57 126 57 126 58 128 58 75 58 124 59 126 59 129 59 126 60 75 60 129 60 74 61 130 61 131 61 74 62 131 62 132 62 4 63 124 63 129 63 133 0 10 0 134 0 135 0 133 0 134 0 14 0 73 0 134 0 73 0 135 0 134 0 14 0 134 0 136 0 75 64 74 64 132 64 75 65 132 65 137 65 75 66 137 66 129 66 129 67 12 67 4 67 12 68 15 68 5 68 138 0 136 0 134 0 134 69 4 69 138 69 138 70 4 70 3 70 12 71 5 71 4 71 5 0 139 0 140 0 5 0 140 0 3 0 6 72 141 72 7 72 142 0 143 0 144 0 143 0 145 0 144 0 146 0 147 0 142 0 75 73 128 73 11 73 11 0 146 0 142 0 142 0 144 0 11 0 144 0 9 0 11 0 148 0 134 0 10 0 9 0 148 0 10 0 10 74 75 74 11 74 149 75 38 75 150 75 150 76 151 76 152 76 151 77 16 77 18 77 152 78 151 78 18 78 16 79 153 79 154 79 153 80 155 80 156 80 155 81 157 81 156 81 157 82 141 82 158 82 156 83 157 83 158 83 141 84 6 84 158 84 153 85 156 85 154 85 149 86 150 86 152 86 16 87 154 87 17 87 159 88 160 88 161 88 160 89 162 89 163 89 160 90 163 90 164 90 165 91 166 91 167 91 166 92 159 92 168 92 169 93 21 93 20 93 21 94 165 94 19 94 170 95 171 95 172 95 171 96 169 96 172 96 165 97 167 97 19 97 166 98 168 98 167 98 160 99 164 99 161 99 164 100 173 100 174 100 175 101 176 101 177 101 174 102 175 102 177 102 174 103 177 103 164 103 177 104 161 104 164 104 168 105 159 105 161 105 20 106 172 106 169 106 178 107 179 107 180 107 179 0 181 0 182 0 180 108 179 108 182 108 181 0 183 0 184 0 180 109 185 109 178 109 182 110 186 110 180 110 187 0 184 0 183 0 184 0 182 0 181 0 188 0 189 0 190 0 189 0 187 0 190 0 22 0 191 0 192 0 191 0 188 0 193 0 194 0 195 0 196 0 195 0 22 0 24 0 196 0 195 0 24 0 197 0 198 0 199 0 198 0 194 0 200 0 199 0 198 0 200 0 201 111 202 111 203 111 202 112 197 112 203 112 204 113 205 113 206 113 205 114 201 114 207 114 206 115 208 115 204 115 207 116 206 116 205 116 191 0 193 0 192 0 183 0 190 0 187 0 188 0 190 0 193 0 201 117 203 117 207 117 203 118 197 118 199 118 200 0 194 0 196 0 22 0 192 0 23 0 209 119 177 119 162 119 177 120 176 120 162 120 176 121 210 121 162 121 211 122 209 122 212 122 213 123 214 123 163 123 213 124 163 124 162 124 162 125 212 125 209 125 212 126 215 126 211 126 215 127 216 127 211 127 216 128 217 128 218 128 211 129 216 129 218 129 217 130 219 130 220 130 219 131 221 131 222 131 221 132 223 132 224 132 223 133 225 133 226 133 220 134 219 134 222 134 225 135 227 135 228 135 227 136 229 136 230 136 229 137 30 137 32 137 30 138 231 138 31 138 31 139 231 139 232 139 231 140 233 140 232 140 233 141 234 141 235 141 236 142 234 142 237 142 237 143 238 143 239 143 238 144 240 144 239 144 240 145 241 145 242 145 239 146 240 146 242 146 241 147 243 147 244 147 243 148 245 148 246 148 245 149 247 149 248 149 247 150 249 150 250 150 244 151 243 151 246 151 249 152 251 152 252 152 251 153 253 153 254 153 253 154 255 154 256 154 255 155 39 155 257 155 248 156 247 156 250 156 39 157 40 157 257 157 257 158 256 158 255 158 246 159 245 159 248 159 242 160 241 160 244 160 237 161 239 161 236 161 234 0 236 0 235 0 222 162 221 162 224 162 218 163 217 163 220 163 213 164 162 164 210 164 256 165 254 165 253 165 254 166 252 166 251 166 252 167 250 167 249 167 224 168 223 168 226 168 226 169 225 169 228 169 228 170 227 170 230 170 258 171 230 171 229 171 233 172 235 172 232 172 32 173 258 173 229 173 259 0 260 0 261 0 260 0 262 0 261 0 259 0 263 0 264 0 262 0 265 0 266 0 265 0 267 0 268 0 267 0 269 0 268 0 269 0 270 0 271 0 266 0 265 0 268 0 270 0 272 0 273 0 272 0 274 0 275 0 268 0 269 0 271 0 274 0 276 0 277 0 261 0 262 0 266 0 263 0 259 0 261 0 264 0 278 0 279 0 280 0 279 0 281 0 281 0 279 0 278 0 122 174 121 174 280 174 281 175 122 175 280 175 278 0 264 0 263 0 276 0 282 0 283 0 282 176 284 176 285 176 271 0 270 0 273 0 284 177 286 177 287 177 273 0 272 0 275 0 286 178 288 178 289 178 275 0 274 0 277 0 288 179 290 179 291 179 277 0 276 0 283 0 290 180 292 180 293 180 283 0 282 0 285 0 292 181 294 181 295 181 285 182 284 182 287 182 294 183 296 183 297 183 287 184 286 184 289 184 296 185 298 185 299 185 289 186 288 186 291 186 298 187 35 187 300 187 291 188 290 188 293 188 301 189 302 189 303 189 35 190 301 190 33 190 293 191 292 191 304 191 304 192 292 192 295 192 301 193 303 193 305 193 33 194 306 194 34 194 301 195 305 195 33 195 295 196 294 196 297 196 307 197 297 197 296 197 300 198 299 198 298 198 299 199 307 199 296 199 300 200 35 200 34 200 149 201 179 201 178 201 149 202 178 202 308 202 186 203 182 203 309 203 182 204 38 204 309 204 309 205 310 205 186 205 149 206 308 206 36 206 37 207 309 207 38 207 38 208 149 208 36 208 39 209 29 209 28 209 41 0 311 0 42 0 312 0 42 0 311 0 311 0 313 0 312 0 313 0 314 0 315 0 314 0 316 0 317 0 316 210 318 210 317 210 318 211 319 211 320 211 319 212 321 212 322 212 320 213 319 213 322 213 321 214 323 214 324 214 323 215 325 215 326 215 324 216 323 216 326 216 325 217 327 217 328 217 327 0 329 0 330 0 329 0 331 0 332 0 331 0 333 0 334 0 333 0 335 0 334 0 335 0 336 0 337 0 334 0 335 0 337 0 336 0 338 0 339 0 338 0 44 0 46 0 339 0 338 0 46 0 44 0 340 0 341 0 340 0 342 0 343 0 343 218 342 218 344 218 342 219 345 219 344 219 345 220 346 220 347 220 346 221 348 221 349 221 348 222 350 222 351 222 350 223 352 223 351 223 352 224 353 224 354 224 351 225 352 225 354 225 353 0 355 0 356 0 355 0 357 0 358 0 357 0 359 0 360 0 359 0 361 0 360 0 361 0 27 0 26 0 361 0 26 0 360 0 355 0 358 0 356 0 348 226 351 226 349 226 345 227 347 227 344 227 327 0 330 0 328 0 331 0 334 0 332 0 313 0 315 0 312 0 317 0 315 0 314 0 317 228 318 228 320 228 346 229 349 229 347 229 357 0 360 0 358 0 322 230 321 230 324 230 353 0 356 0 362 0 353 231 362 231 354 231 363 232 326 232 325 232 328 233 363 233 325 233 332 0 330 0 329 0 340 0 343 0 341 0 337 0 336 0 339 0 44 0 341 0 45 0 364 234 365 234 366 234 365 235 306 235 367 235 306 236 33 236 368 236 367 237 369 237 366 237 306 238 368 238 367 238 370 0 364 0 371 0 365 239 367 239 366 239 372 0 373 0 374 0 373 0 370 0 374 0 375 0 376 0 377 0 376 0 372 0 378 0 49 240 379 240 47 240 379 0 375 0 380 0 381 241 382 241 383 241 382 242 49 242 48 242 384 243 385 243 386 243 385 244 381 244 387 244 386 245 385 245 387 245 388 246 389 246 390 246 389 247 384 247 391 247 390 248 389 248 391 248 392 0 393 0 394 0 393 249 388 249 390 249 43 0 395 0 396 0 395 0 392 0 397 0 396 0 41 0 43 0 397 0 396 0 395 0 393 250 390 250 394 250 382 251 48 251 383 251 379 252 380 252 47 252 380 0 375 0 377 0 376 0 378 0 377 0 364 253 366 253 398 253 372 0 374 0 378 0 394 0 397 0 392 0 364 254 398 254 371 254 398 255 399 255 303 255 374 0 370 0 400 0 391 256 384 256 386 256 398 257 303 257 302 257 398 258 302 258 371 258 371 0 400 0 370 0 401 259 387 259 381 259 383 260 401 260 381 260</p>
        </triangles>
      </mesh>
    </geometry>
    <geometry id="ID9_021_-mesh" name="ID9.021_">
      <mesh>
        <source id="ID9_021_-mesh-positions">
          <float_array id="ID9_021_-mesh-positions-array" count="1884">-5.496863 -1.163001 -0.0199998 -5.670053 -1.152381 -0.0199998 -5.670053 -1.315687 -0.0199998 12.45072 13.14553 -0.02000075 12.4976 12.90989 -0.02000075 12.6595 12.93121 -0.02000075 -1.323388 14.67015 -0.02000093 8.676612 14.67015 -0.02000093 8.676612 14.83346 -0.02000093 2.676614 10.67015 -0.0298022 -1.323386 10.83346 -0.02000093 -1.323386 10.67015 -0.02000093 7.220036 0.5424639 -0.0199998 7.198719 0.7043719 -0.0199998 6.676615 0.670152 -0.0199998 -11.67082 15.43027 -0.01999992 -12.40504 15.72488 -0.01999992 -11.77023 15.30071 -0.01999992 -3.097498 15.14552 -0.02000081 -3.020272 15.37302 -0.02000081 -3.171148 15.43552 -0.02000081 -2.876539 4.039589 -0.01999992 -3.450551 4.542985 -0.01999998 -2.975953 3.91003 -0.01999992 2.676614 10.83346 -0.0298022 2.937666 10.65304 -0.01999986 2.958982 10.81495 -0.01999986 2.676614 12.67015 -0.02975559 3.177404 12.47402 -0.01999998 3.198719 12.63593 -0.01999998 2.676614 12.50684 -0.02975559 -1.323386 12.50685 -0.02000093 -1.323386 12.67015 -0.02000093 8.791851 14.78539 -0.02000087 8.676377 14.66991 -0.02000087 10.67661 12.67015 -0.02000075 -18.11015 4.908307 -0.0199995 -18.16008 5.670149 -0.0199998 -18.32339 5.670149 -0.0199998 -18.27206 4.886991 -0.0199995 -18.11895 4.117235 -0.0199995 -17.86667 3.374049 -0.0199995 -17.9612 4.159501 -0.01999986 -17.51954 2.670149 -0.01999992 -17.71579 3.436543 -0.01999986 -17.08351 2.017581 -0.01999992 -16.95395 2.116995 -0.01999992 -16.56603 1.427509 -0.01999998 -15.97595 0.9100291 -0.01999998 -16.45055 1.542983 -0.01999998 -15.32339 0.4739964 -0.02000004 -15.87654 1.039589 -0.01999998 -14.61949 0.1268703 -0.02000004 -14.55699 0.2777464 -0.02000004 -13.8763 -0.125406 -0.02000004 -13.10654 -0.2785198 -0.02000004 -13.08523 -0.1166141 -0.02000004 -12.32339 -0.3298523 -0.02000004 -12.32339 -0.166546 -0.02000004 -9.323387 -0.3298497 -0.01999998 -9.149909 -0.3333916 -0.01999998 -9.149909 -0.1700856 -0.01999998 -9.323387 -0.1665436 -0.01999998 -7.478121 -0.7513374 -0.01999986 -7.168649 -0.9083612 -0.01999986 -7.168649 -0.7450552 -0.01999986 -7.010837 -0.9804913 -0.01999986 -7.010837 -0.8171853 -0.01999986 -6.850213 -0.8828132 -0.01999986 -6.850213 -1.046119 -0.01999986 -6.687043 -0.9418312 -0.01999986 -6.687043 -1.105135 -0.01999986 -6.521601 -0.9941392 -0.01999986 -6.521601 -1.157443 -0.01999986 -6.354161 -1.202955 -0.01999986 -6.354161 -1.039649 -0.01999986 -6.185003 -1.241593 -0.0199998 -6.185003 -1.078287 -0.0199998 -6.014409 -1.273295 -0.0199998 -6.014409 -1.109989 -0.0199998 -5.842663 -1.298007 -0.0199998 -5.842663 -1.134701 -0.0199998 -5.496863 -1.326307 -0.0199998 -5.323385 -1.329849 -0.0199998 -5.323385 -1.166543 -0.0199998 6.676615 -1.329848 -0.0199998 7.459772 -1.278518 -0.0199998 6.676615 -1.166542 -0.0199998 8.22953 -1.125402 -0.01999986 8.187266 -0.9676621 -0.01999986 8.972718 -0.8731259 -0.01999986 9.676615 -0.5259999 -0.01999992 9.594964 -0.384574 -0.01999992 10.32918 -0.08996796 -0.01999992 10.22977 0.03959006 -0.01999992 10.91925 0.4275121 -0.01999998 10.80378 0.542986 -0.01999998 11.43673 1.017584 -0.01999998 11.87277 1.670152 -0.02000004 11.73134 1.751804 -0.01999998 12.21989 2.374052 -0.02000004 12.06902 2.436546 -0.02000004 12.47217 3.117238 -0.02000004 12.31443 3.159504 -0.02000004 12.62528 3.886994 -0.02000004 12.67661 4.670152 -0.02000004 12.51331 4.670152 -0.02000004 12.67661 8.670153 -0.02000075 12.51331 8.670153 -0.02000075 12.46338 3.90831 -0.02000004 -7.635933 -0.6792075 -0.01999986 -7.478121 -0.5880333 -0.01999986 -17.37811 2.751801 -0.01999992 11.30717 1.116998 -0.01999998 -15.24173 0.6154225 -0.01999998 -13.83403 0.03233397 -0.02000004 -8.976717 -0.1807056 -0.01999992 -8.632363 -0.2230995 -0.01999992 -8.804107 -0.1983876 -0.01999992 -8.804107 -0.3616916 -0.01999992 -8.976717 -0.3440116 -0.01999992 -8.292611 -0.2934395 -0.01999992 -8.46177 -0.2547996 -0.01999992 -8.46177 -0.4181055 -0.01999992 -8.632363 -0.3864035 -0.01999992 -7.959727 -0.3912575 -0.01999992 -8.12517 -0.3389495 -0.01999992 -8.12517 -0.5022554 -0.01999992 -8.292611 -0.4567435 -0.01999992 -7.635933 -0.5159034 -0.01999986 -7.796557 -0.4502735 -0.01999992 -7.796557 -0.6135795 -0.01999992 -7.959727 -0.5545615 -0.01999992 8.910223 -0.72225 -0.01999986 7.438457 -1.11661 -0.0199998 12.51331 12.67015 -0.02000087 12.67661 12.67015 -0.02000075 12.60847 13.18779 -0.02000075 12.52437 13.43552 -0.02000081 12.3735 13.37303 -0.02000081 12.40866 13.67015 -0.02000081 12.26332 13.88768 -0.02000081 12.26724 13.5885 -0.02000081 12.09083 14.08437 -0.02000081 11.97535 13.96889 -0.02000081 10.09059 16.08413 -0.02000087 9.975114 15.96865 -0.02000087 12.13376 13.78826 -0.02000081 8.79209 14.78563 -0.02000075 8.776028 14.79971 -0.02000075 8.758268 14.81158 -0.02000075 8.739109 14.82103 -0.02000075 8.718881 14.82789 -0.02000075 8.697933 14.83206 -0.02000075 -1.323388 14.83346 -0.02000093 -1.344703 14.83206 -0.02000075 -1.365654 14.82789 -0.02000075 -1.385882 14.82102 -0.02000075 -1.405039 14.81158 -0.02000075 -1.422802 14.79971 -0.02000075 -1.438861 14.78562 -0.02000075 -1.452945 14.76956 -0.02000075 -1.464814 14.7518 -0.02000075 -1.474262 14.73264 -0.02000075 -1.481127 14.71242 -0.02000075 -1.485296 14.69147 -0.02000075 -1.486692 14.67015 -0.02000087 -1.486692 12.67015 -0.02000075 -1.485294 12.64883 -0.02000075 -1.481125 12.62789 -0.02000075 -1.47426 12.60766 -0.02000075 -1.464812 12.5885 -0.02000075 -1.452943 12.57074 -0.02000075 -1.43886 12.55468 -0.02000075 -1.4228 12.54059 -0.02000075 -1.405037 12.52873 -0.02000075 -1.38588 12.51928 -0.02000075 -1.365652 12.51241 -0.02000075 -1.344701 12.50824 -0.02000075 -16.28917 5.148045 -0.01999956 -16.32339 5.67015 -0.0199998 -16.48669 5.670149 -0.01999956 -16.45107 5.126729 -0.01999956 -16.34483 4.592607 -0.01999956 -16.16978 4.076921 -0.01999986 -16.0189 4.139415 -0.01999986 -15.92891 3.588497 -0.01999986 -15.78749 3.670149 -0.01999986 -15.62636 3.135689 -0.01999992 -15.26729 2.726246 -0.01999992 -15.4968 3.235103 -0.01999992 -14.85785 2.367176 -0.01999992 -14.75843 2.496734 -0.01999992 -14.40504 2.06462 -0.01999992 -14.32339 2.206046 -0.01999992 -13.91661 1.823756 -0.01999998 -13.40093 1.648704 -0.01999998 -13.85412 1.97463 -0.01999992 -12.86681 1.54246 -0.01999998 -12.84549 1.704368 -0.01999998 -12.32339 1.506841 -0.01999998 -12.32339 1.670148 -0.01999998 -9.323387 1.506844 -0.01999998 -16.18709 4.634873 -0.01999986 -9.149909 1.503302 -0.01999998 -9.149909 1.666608 -0.01999998 -9.323387 1.67015 -0.01999998 -7.478121 1.085357 -0.01999986 -7.168649 0.9283347 -0.01999986 -7.168649 1.091639 -0.01999986 -7.010837 0.8562048 -0.01999986 -7.010837 1.019509 -0.01999986 -6.850213 0.9538807 -0.01999986 -6.850213 0.7905748 -0.01999986 -6.687043 0.8948628 -0.01999986 -6.687043 0.7315588 -0.01999986 -6.521601 0.8425568 -0.01999986 -6.521601 0.6792507 -0.01999986 -6.354161 0.6337408 -0.01999986 -6.354161 0.7970448 -0.01999986 -6.185003 0.5951008 -0.0199998 -6.185003 0.7584068 -0.0199998 -6.014409 0.5634008 -0.0199998 -6.014409 0.7267048 -0.0199998 -5.842663 0.5386888 -0.0199998 -5.842663 0.7019929 -0.0199998 -5.670053 0.5210068 -0.0199998 -5.670053 0.6843128 -0.0199998 -5.496863 0.5103868 -0.0199998 -5.496863 0.6736928 -0.0199998 -5.323385 0.5068449 -0.0199998 -5.323385 0.6701509 -0.0199998 6.676615 0.506846 -0.0199998 7.754156 0.648708 -0.01999986 7.711891 0.806448 -0.01999986 8.269844 0.8237599 -0.01999986 8.758269 1.064624 -0.01999986 8.676615 1.20605 -0.01999986 9.211075 1.36718 -0.01999992 9.11166 1.496738 -0.01999992 9.620516 1.72625 -0.01999992 9.979588 2.135692 -0.01999992 9.505043 1.841724 -0.01999992 10.28214 2.5885 -0.01999992 10.14072 2.670152 -0.01999992 10.52301 3.076924 -0.01999998 10.37213 3.139418 -0.01999992 10.69806 3.59261 -0.01999998 10.8043 4.126732 -0.01999998 10.54032 3.634876 -0.01999998 10.83992 4.670152 -0.01999998 10.67661 4.670152 -0.01999998 10.83992 8.670152 -0.02000075 10.67661 8.670152 -0.02000075 10.64239 4.148048 -0.01999998 -7.635933 1.157487 -0.01999986 -7.478121 1.248663 -0.01999986 9.850029 2.235106 -0.01999992 -15.15181 2.84172 -0.01999992 -13.35866 1.806444 -0.01999998 -8.976717 1.655988 -0.01999992 -8.632363 1.613596 -0.01999992 -8.804107 1.638309 -0.01999992 -8.804107 1.475003 -0.01999992 -8.976717 1.492682 -0.01999992 -8.292611 1.543256 -0.01999992 -8.46177 1.581894 -0.01999992 -8.46177 1.418588 -0.01999992 -8.632363 1.45029 -0.01999992 -7.959727 1.445438 -0.01999992 -8.12517 1.497745 -0.01999992 -8.12517 1.33444 -0.01999992 -8.292611 1.379951 -0.01999992 -7.635933 1.320793 -0.01999986 -7.796557 1.38642 -0.01999992 -7.796557 1.223114 -0.01999992 -7.959727 1.282132 -0.01999992 8.207348 0.9746339 -0.01999986 -2.151814 5.841723 -0.01999992 -11.08075 14.91279 -0.01999998 -11.19622 14.79732 -0.01999998 -12.32339 15.8663 -0.01999992 -13.02729 16.21343 -0.01999986 -13.08978 16.06255 -0.01999986 -13.77047 16.46571 -0.01999986 -13.81274 16.30797 -0.01999986 -14.54023 16.61882 -0.0199998 -15.32339 16.67015 -0.0199998 -15.32339 16.50685 -0.0199998 -15.84549 16.63593 -0.0199998 -15.82418 16.47402 -0.0199998 -16.35866 16.53386 -0.01999986 -16.85412 16.36567 -0.01999986 -16.3164 16.37611 -0.01999986 -17.32339 16.13425 -0.01999986 -17.24173 15.99283 -0.01999986 -17.75843 15.84356 -0.01999992 -17.65902 15.714 -0.01999986 -18.15181 15.49858 -0.01999992 -18.4968 15.10519 -0.01999992 -18.03634 15.3831 -0.01999992 -18.78749 14.67015 -0.01999992 -18.64606 14.5885 -0.01999992 -19.0189 14.20088 -0.01999992 -18.86803 14.13839 -0.01999992 -19.18709 13.70543 -0.01999998 -19.28917 13.19225 -0.01999998 -19.02935 13.66316 -0.01999992 -19.32339 12.67015 -0.01999998 -19.16008 12.67015 -0.01999998 -19.32339 10.67015 -0.01999986 -19.31984 10.49667 -0.0199998 -19.16008 10.67015 -0.01999986 -19.30922 10.32348 -0.0199998 -19.15654 10.49667 -0.0199998 -19.29154 10.15087 -0.0199998 -19.14592 10.32348 -0.0199998 -19.26683 9.979126 -0.0199998 -19.12824 10.15087 -0.0199998 -19.23513 9.808533 -0.0199998 -19.10353 9.979126 -0.0199998 -19.19649 9.639375 -0.01999986 -19.07182 9.808533 -0.0199998 -19.15098 9.471937 -0.01999986 -19.03319 9.639375 -0.01999986 -19.09867 9.306493 -0.01999986 -18.98768 9.471937 -0.01999986 -19.03966 9.143322 -0.01999986 -18.93537 9.306493 -0.01999986 -18.97403 8.9827 -0.01999986 -18.87635 9.143322 -0.01999986 -18.9019 8.824889 -0.01999986 -18.81072 8.9827 -0.01999986 -18.74487 8.515416 -0.01999986 -18.73859 8.824889 -0.01999986 3.194252 10.602 -0.01999986 3.504476 10.66878 -0.01999986 3.236518 10.75974 -0.01999986 3.44198 10.51791 -0.01999986 3.993551 10.38642 -0.01999986 3.758266 10.54363 -0.01999986 3.676614 10.4022 -0.01999986 4.39288 9.987088 -0.01999986 4.206302 10.19984 -0.01999986 4.26332 9.887675 -0.01999986 4.090828 10.08436 -0.01999986 4.675249 9.498013 -0.0199998 4.550092 9.751805 -0.01999986 4.408664 9.67015 -0.01999986 4.821413 8.95252 -0.0199998 4.766206 9.230055 -0.0199998 4.659504 8.931203 -0.0199998 4.608467 9.187789 -0.0199998 4.804302 8.126732 -0.01999998 4.839921 8.67015 -0.01999998 4.676614 8.67015 -0.01999998 4.523006 7.076923 -0.01999998 4.698059 7.592609 -0.01999998 4.372133 7.139417 -0.01999992 4.540318 7.634875 -0.01999998 3.979586 6.135691 -0.01999992 4.282142 6.588499 -0.01999992 4.140716 6.670151 -0.01999992 3.211075 5.367179 -0.01999992 3.620517 5.726249 -0.01999992 3.111661 5.496737 -0.01999992 3.505043 5.841723 -0.01999992 2.269843 4.823759 -0.01999986 2.758266 5.064623 -0.01999986 2.676614 5.206049 -0.01999986 1.220034 4.542463 -0.0199998 1.754157 4.648707 -0.01999986 1.198719 4.704371 -0.0199998 1.711891 4.806447 -0.01999986 0.1331947 4.542463 -0.0199998 0.6766146 4.506845 -0.0199998 0.6766146 4.670151 -0.0199998 -0.9166138 4.823759 -0.01999986 -0.4009277 4.648707 -0.01999986 -0.8541195 4.974633 -0.01999986 -0.3586618 4.806447 -0.01999986 -1.857846 5.367179 -0.01999992 -1.405038 5.064623 -0.01999986 -1.323385 5.206049 -0.01999986 -2.267287 5.726249 -0.01999992 -18.50944 8.357604 -0.01999986 -18.58157 8.515416 -0.01999986 -18.67275 8.357604 -0.01999986 -18.60712 8.196979 -0.01999992 -18.44381 8.196979 -0.01999992 -18.38479 8.033808 -0.01999992 -18.5481 8.033808 -0.01999992 -18.28698 7.700927 -0.01999992 -18.33249 7.868366 -0.01999992 -18.45028 7.700926 -0.01999992 -18.49579 7.868366 -0.01999992 -18.21664 7.361174 -0.01999992 -18.24834 7.531768 -0.01999992 -18.37994 7.361174 -0.01999992 -18.41164 7.531768 -0.01999992 -18.17424 7.016818 -0.01999992 -18.19193 7.189428 -0.01999992 -18.33755 7.016818 -0.01999992 -18.35523 7.189428 -0.01999992 -18.16008 6.67015 -0.01999998 -18.16362 6.843628 -0.01999998 -18.32339 6.67015 -0.01999998 -18.32693 6.843628 -0.01999998 3.894136 10.25686 -0.01999986 4.524374 9.435519 -0.0199998 4.642395 8.148049 -0.01999998 -19.12726 13.17094 -0.01999998 3.850029 6.235105 -0.01999992 -18.36724 15.00578 -0.01999992 2.207349 4.974633 -0.01999986 -16.79163 16.21479 -0.01999986 0.1545103 4.704371 -0.0199998 -14.56154 16.45691 -0.0199998 -1.758432 5.496737 -0.01999992 9.794723 16.1273 -0.02000081 9.975356 15.96889 -0.02000081 10.09083 16.08437 -0.02000081 9.894138 16.25686 -0.02000081 9.676614 16.4022 -0.02000081 9.594964 16.26078 -0.02000081 9.44198 16.51791 -0.02000081 9.379487 16.36704 -0.02000081 9.194252 16.60201 -0.02000075 8.937665 16.65304 -0.02000075 8.916353 16.49114 -0.02000075 8.676612 16.67015 -0.02000093 8.676612 16.50685 -0.02000093 -1.323388 16.67015 -0.02000093 -1.58444 16.65304 -0.02000075 -1.323388 16.50685 -0.02000093 -1.841026 16.602 -0.02000075 -1.79876 16.44426 -0.02000075 -2.088753 16.51791 -0.02000081 -2.323388 16.4022 -0.02000081 -2.02626 16.36704 -0.02000081 -2.54091 16.25686 -0.02000081 -2.241736 16.26078 -0.02000081 -2.737602 16.08436 -0.02000081 -2.622128 15.96889 -0.02000081 -2.910094 15.88767 -0.02000081 -2.780535 15.78826 -0.02000081 -3.055438 15.67015 -0.02000081 -2.914012 15.5885 -0.02000081 -3.25524 15.18779 -0.02000081 -3.306278 14.9312 -0.02000087 -3.14437 14.90989 -0.02000081 -3.323386 14.67015 -0.02000087 -3.16008 14.67015 -0.02000087 -3.323386 12.67015 -0.02000075 -3.306276 12.4091 -0.02000075 -3.144368 12.43041 -0.02000075 -3.255237 12.15251 -0.02000075 -3.097496 12.19478 -0.02000075 -3.171145 11.90478 -0.02000081 -3.055436 11.67015 -0.02000081 -3.02027 11.96728 -0.02000081 -2.910091 11.45263 -0.02000081 -2.780533 11.55204 -0.02000081 -2.737599 11.25594 -0.02000081 -2.622125 11.37141 -0.02000081 -2.540907 11.08344 -0.02000081 -2.441493 11.213 -0.02000081 -2.323385 10.9381 -0.02000081 -2.088751 10.82239 -0.02000081 -2.026257 10.97327 -0.02000081 -1.841023 10.7383 -0.02000081 -1.798757 10.89604 -0.02000081 -1.584437 10.68726 -0.02000087 -1.563121 10.84917 -0.02000081 9.151988 16.44426 -0.02000075 -2.241733 11.07953 -0.02000081 -2.91401 11.7518 -0.02000081 -1.563123 16.49113 -0.02000075 -2.441496 16.1273 -0.02000081 -3.160079 12.67015 -0.02000075 -12.37948 13.61405 -0.01999992 -12.49495 13.49855 -0.01999992 -12.78893 13.97312 -0.01999992 -12.88834 13.84356 -0.01999992 -13.24173 14.27568 -0.01999986 -13.73016 14.51654 -0.01999986 -13.32339 14.13425 -0.01999986 -14.24584 14.69159 -0.01999986 -14.28811 14.53385 -0.01999986 -14.77997 14.79784 -0.0199998 -15.32339 14.83346 -0.0199998 -14.80128 14.63593 -0.0199998 -15.60575 14.81495 -0.0199998 -15.32339 14.67015 -0.0199998 -15.88329 14.75974 -0.0199998 -15.84102 14.602 -0.0199998 -16.15125 14.66878 -0.0199998 -16.40504 14.54363 -0.01999986 -16.08875 14.51791 -0.0199998 -16.64032 14.38642 -0.01999986 -16.32339 14.4022 -0.01999986 -16.85307 14.19984 -0.01999986 -16.7376 14.08436 -0.01999986 -17.03965 13.98709 -0.01999986 -17.19686 13.7518 -0.01999986 -16.91009 13.88767 -0.01999986 -17.32202 13.49801 -0.01999986 -17.05544 13.67015 -0.01999986 -17.41298 13.23005 -0.01999986 -17.25524 13.18779 -0.01999986 -17.46818 12.95252 -0.01999986 -17.30628 12.9312 -0.01999986 -17.48669 12.67015 -0.01999986 -17.32339 12.67015 -0.01999986 -17.48669 10.67015 -0.01999986 -17.48315 10.49667 -0.0199998 -17.32339 10.67015 -0.01999986 -17.47253 10.32348 -0.0199998 -17.31984 10.49667 -0.0199998 -17.45485 10.15087 -0.0199998 -17.30922 10.32348 -0.0199998 -17.43014 9.979126 -0.0199998 -17.29154 10.15087 -0.0199998 -17.39844 9.808532 -0.0199998 -17.26683 9.979126 -0.0199998 -17.3598 9.639374 -0.01999986 -17.23513 9.808532 -0.0199998 -17.31429 9.471937 -0.01999986 -17.19649 9.639374 -0.01999986 -17.26198 9.306492 -0.01999986 -17.15098 9.471937 -0.01999986 -17.20296 9.143322 -0.01999986 -17.09868 9.306492 -0.01999986 -17.13733 8.982699 -0.01999986 -17.03966 9.143322 -0.01999986 -17.0652 8.824888 -0.01999986 -16.97403 8.982699 -0.01999986 -16.90818 8.515416 -0.01999986 -16.9019 8.824888 -0.01999986 3.669624 12.37611 -0.01999992 4.207348 12.36567 -0.01999992 3.71189 12.53385 -0.01999998 4.144854 12.21479 -0.01999992 5.11166 11.84356 -0.01999992 4.676614 12.13425 -0.01999992 4.594963 11.99282 -0.01999992 5.850028 11.1052 -0.01999992 5.505043 11.49858 -0.01999992 5.720468 11.00578 -0.01999986 5.389566 11.3831 -0.01999992 6.372133 10.20088 -0.01999986 6.140716 10.67015 -0.01999986 5.99929 10.5885 -0.01999986 6.642395 9.192255 -0.0199998 6.540319 9.705429 -0.01999986 6.480485 9.170942 -0.0199998 6.382575 9.663162 -0.01999986 6.625282 7.886994 -0.02000004 6.676614 8.67015 -0.02000004 6.513307 8.67015 -0.02000004 6.219892 6.374052 -0.02000004 6.472169 7.117238 -0.02000004 6.069017 6.436546 -0.02000004 6.314428 7.159504 -0.02000004 5.436735 5.017583 -0.01999998 5.872766 5.670152 -0.02000004 5.307175 5.116997 -0.01999998 5.73134 5.751804 -0.01999998 4.329183 3.910031 -0.01999992 4.919254 4.427511 -0.01999998 4.229769 4.039589 -0.01999992 4.803781 4.542985 -0.01999998 2.972714 3.126873 -0.01999986 3.676614 3.473999 -0.01999992 2.910221 3.277749 -0.01999986 3.594963 3.615425 -0.01999992 1.459773 2.721481 -0.0199998 2.229528 2.874597 -0.01999986 1.438456 2.883389 -0.0199998 2.187262 3.032337 -0.01999986 -0.1065436 2.721481 -0.0199998 0.6766147 2.670151 -0.0199998 -0.08522713 2.883389 -0.0199998 0.6766147 2.833457 -0.0199998 -1.619485 3.126873 -0.01999986 -0.876299 2.874597 -0.01999986 -1.556992 3.277749 -0.01999986 -0.8340331 3.032337 -0.01999986 -2.323385 3.473999 -0.01999992 -2.241734 3.615425 -0.01999992 -3.566025 4.427511 -0.01999998 -16.67275 8.357604 -0.01999986 -16.74487 8.515415 -0.01999986 -16.83605 8.357604 -0.01999986 -16.77042 8.196978 -0.01999992 -16.60712 8.196978 -0.01999992 -16.5481 8.033808 -0.01999992 -16.7114 8.033808 -0.01999992 -16.45028 7.700926 -0.01999992 -16.49579 7.868365 -0.01999992 -16.61359 7.700926 -0.01999992 -16.6591 7.868365 -0.01999992 -16.37994 7.361174 -0.01999992 -16.41164 7.531768 -0.01999992 -16.54325 7.361174 -0.01999992 -16.57495 7.531768 -0.01999992 -16.33755 7.016818 -0.01999992 -16.35523 7.189428 -0.01999992 -16.50086 7.016818 -0.01999992 -16.51853 7.189427 -0.01999992 -16.32339 6.67015 -0.01999998 -16.32693 6.843628 -0.01999998 -16.48669 6.67015 -0.01999998 -16.49024 6.843627 -0.01999998 5.012247 11.714 -0.01999992 6.221258 10.13839 -0.01999986 6.463376 7.90831 -0.02000004 -17.17115 13.43552 -0.01999986 -16.54091 14.25686 -0.01999986 -15.58444 14.65304 -0.0199998 -13.79265 14.36567 -0.01999986 10.83992 12.67015 -0.02000075 10.83852 12.69147 -0.02000075 10.83435 12.71242 -0.02000075 10.82749 12.73265 -0.02000075 10.81804 12.7518 -0.02000075 10.80617 12.76957 -0.02000075 10.79209 12.78563 -0.02000075</float_array>
          <technique_common>
            <accessor source="#ID9_021_-mesh-positions-array" count="628" stride="3">
              <param name="X" type="float"/>
              <param name="Y" type="float"/>
              <param name="Z" type="float"/>
            </accessor>
          </technique_common>
        </source>
        <source id="ID9_021_-mesh-normals">
          <float_array id="ID9_021_-mesh-normals-array" count="1038">0 0 1 0 0 1 0 0 1 0.002450287 0 0.999997 0 0 1 0 0 1 0 0 1 -0.03439664 0.004528522 0.999398 -0.03752279 0 0.9992958 -0.01852208 0.002438306 0.9998255 -0.01947665 0 0.9998104 0.002438604 0 0.999997 0 0 1 0 3.93636e-7 1 0 3.79646e-7 1 2.09709e-6 7.09086e-7 1 2.1991e-6 4.81306e-7 1 2.09222e-6 7.09082e-7 1 0 0 1 0 0 1 0 0 1 0 0 1 0 0 1 0 0 1 2.24559e-6 0 1 0 0 1 0 0 1 -3.53993e-7 0 1 0 0 1 0 0 1 0 0 1 0 0 1 0 0 1 0 0 1 0 0 1 3.5317e-7 -1.41591e-7 1 0 0 1 0 1.77418e-7 1 0 1.77418e-7 1 0 0 1 0 0 1 0 0 1 0 0 1 0 0 1 0 0 1 0 0 1 3.7428e-7 0 1 0 0 1 0 0 1 -2.09595e-7 -3.13624e-7 1 0 -3.78642e-7 1 0 0 1 0 0 1 -3.4575e-7 0 1 0 0 1 -3.55048e-7 0 1 -3.81681e-7 0 1 0 0 1 0 0 1 -3.38547e-7 0 1 0 0 1 -3.53993e-7 0 1 0 0 1 0 0 1 -7.3e-7 0 1 -7.20916e-7 0 1 0 0 1 0 2.10945e-7 1 0 0 1 0 0 1 0 0 1 0 0 1 0 2.40162e-7 1 0 -4.92992e-7 1 -8.02709e-7 -8.2505e-7 1 -5.35066e-7 -9.12329e-7 1 -4.013e-7 -9.84046e-7 1 -4.01341e-7 -1.03921e-6 1 -1.33787e-7 -1.07618e-6 1 -8.29182e-6 0 1 8.29395e-6 0 1 1.33767e-7 -1.07619e-6 1 4.013e-7 -1.03903e-6 1 4.0141e-7 -9.84299e-7 1 6.68787e-7 -9.12365e-7 1 8.02544e-7 -8.24832e-7 1 9.36494e-7 -7.23536e-7 1 8.69542e-7 -6.09698e-7 1 9.3643e-7 -4.85361e-7 1 1.0705e-6 -3.52744e-7 1 1.05363e-6 -2.14198e-7 1 3.67833e-7 -5.61574e-6 1 3.64992e-7 0 1 1.08678e-6 0 1 1.07065e-6 2.14257e-7 1 1.07013e-6 3.52623e-7 1 9.3643e-7 4.85361e-7 1 9.36494e-7 6.0974e-7 1 8.02709e-7 7.23503e-7 1 8.02489e-7 8.24824e-7 1 6.6897e-7 9.12599e-7 1 4.01341e-7 9.84131e-7 1 4.01286e-7 1.03901e-6 1 1.33771e-7 1.07621e-6 1 8.42816e-6 0 1 1.09496e-6 0 1 0.002450287 0 0.999997 1.45324e-6 5.56659e-7 1 0 0 1 2.25627e-7 -5.09845e-7 1 0 0 1 0 0 1 0 0 1 0 0 1 0 0 1 0 0 1 0 -3.46364e-7 1 -1.58385e-7 -3.28056e-7 1 0 0 1 0 0 1 1.9443e-6 -1.95783e-7 1 0 0 1 1.74905e-6 5.9156e-7 1 0 0 1 0 0 1 0 0 1 -3.53993e-7 0 1 0 0 1 0 0 1 0 0 1 0 0 1 0 0 1 0 0 1 0 0 1 0 0 1 0 0 1 3.72545e-7 0 1 3.56804e-7 0 1 0 0 1 0 1.92787e-7 1 0 1.92781e-7 1 0 0 1 0 0 1 0 0 1 0 0 1 0 0 1 0 0 1 0 0 1 -3.45749e-7 0 1 -3.55049e-7 0 1 -3.81676e-7 0 1 0 0 1 0 0 1 -3.38547e-7 0 1 0 0 1 0 0 1 -3.53997e-7 0 1 0 0 1 0 0 1 0 0 1 0 0 1 0 0 1 0 0 1 0 0 1 0 0 1 0 0 1 0 0 1 0 0 1 0 0 1 0 0 1 -2.84002e-7 2.34634e-7 1 -2.40312e-7 2.75007e-7 1 0 0 1 0 0 1 0 0 1 0 0 1 -3.71377e-7 0 1 -3.45909e-7 0 1 0 0 1 0 3.43582e-7 1 0 -3.5235e-7 1 0 3.4358e-7 1 0 0 1 0 0 1 0 0 1 0 0 1 0 0 1 0 1.82809e-7 1 0 0 1 0 -6.33262e-7 1 3.56818e-7 0 1 0 0 1 0 0 1 3.56818e-7 0 1 0 0 1 0 0 1 0 0 1 0 0 1 0 0 1 0 0 1 0 0 1 0 0 1 0 0 1 0 0 1 0 0 1 0 0 1 0 0 1 0 -6.79108e-7 1 0 0 1 0 0 1 0 -3.7108e-7 1 0 -3.44152e-7 1 0 1.78812e-7 1 0 1.78817e-7 1 0 -3.4416e-7 1 0 0 1 0 0 1 0 -3.52362e-7 1 0 2.10943e-7 1 0 0 1 0 0 1 0 0 1 0 0 1 0 0 1 0 0 1 0 0 1 0 0 1 0 0 1 0 0 1 2.18465e-7 0 1 0 0 1 -6.88166e-7 0 1 6.77258e-7 0 1 0 0 1 -2.18461e-7 0 1 0 0 1 0 0 1 0 0 1 0 0 1 0 0 1 0 0 1 0 0 1 -3.83663e-7 -1.55009e-7 1 0 0 1 0 0 1 0 0 1 0 -2.20541e-7 1 0 -2.29697e-7 1 0 0 1 2.40307e-7 0 1 1.96615e-7 -3.9479e-7 1 0 -3.58742e-7 1 4.98058e-7 0 1 0 0 1 0 0 1 0 0 1 -2.25998e-7 0 1 -7.35981e-7 0 1 2.37876e-7 0 1 0 0 1 0 0 1 7.37423e-7 0 1 0 0 1 0 0 1 0 0 1 -3.80614e-7 -2.2258e-7 1 0 0 1 0 0 1 0 0 1 0 0 1 0 0 1 0 0 1 0 0 1 0 0 1 0 0 1 0 0 1 -1.8935e-7 0 1 0 0 1 -1.96605e-7 0 1 0 0 1 0 0 1 0 0 1 0 0 1 0 0 1 0 0 1 0 3.43583e-7 1 0 -3.52356e-7 1 0 3.4359e-7 1 0 0 1 0 0 1 0 0 1 0 0 1 0 3.58736e-7 1 1.19574e-7 3.46363e-7 1 0 0 1 2.83991e-7 2.41163e-7 1 0 0 1 0 0 1 2.23916e-7 2.93776e-7 1 0 0 1 0 0 1 0 -4.56278e-7 1 0 0 1 0 0 1 3.2041e-7 -1.66834e-7 1 3.23761e-7 -2.09564e-7 1 0 0 1 0 0 1 0 0 1 0 0 1 0 0 1 0 0 1 0 0 1 0 0 1 0 0 1 0 0 1 0 0 1 0 0 1 0 0 1 0 0 1 0 0 1 0 -4.79805e-7 1 0 -3.71078e-7 1 0 0 1 0 -3.44155e-7 1 1.4828e-6 4.19091e-7 1 0 1.78815e-7 1 0 -3.71075e-7 1 0 -3.44157e-7 1 0 0 1 0 0 1 0 0 1 0 -3.52366e-7 1 0 0 1 0 0 1 0 0 1 0 0 1 0 0 1 0 0 1 0 0 1 0 0 1 0.002438664 0 0.999997 0 0 1 1.33712e-7 0 1 -1.33785e-7 0 1 0 0 1</float_array>
          <technique_common>
            <accessor source="#ID9_021_-mesh-normals-array" count="346" stride="3">
              <param name="X" type="float"/>
              <param name="Y" type="float"/>
              <param name="Z" type="float"/>
            </accessor>
          </technique_common>
        </source>
        <vertices id="ID9_021_-mesh-vertices">
          <input semantic="POSITION" source="#ID9_021_-mesh-positions"/>
        </vertices>
        <triangles material="ID9_021-material" count="624">
          <input semantic="VERTEX" source="#ID9_021_-mesh-vertices" offset="0"/>
          <input semantic="NORMAL" source="#ID9_021_-mesh-normals" offset="1"/>
          <p>0 0 1 0 2 0 3 1 4 1 5 1 6 2 7 2 8 2 9 3 10 3 11 3 12 4 13 4 14 4 15 2 16 2 17 2 18 5 19 5 20 5 21 6 22 6 23 6 24 7 25 7 26 7 9 8 25 8 24 8 27 9 28 9 29 9 30 10 28 10 27 10 31 11 27 11 32 11 33 12 34 12 35 12 36 13 37 13 38 13 38 14 39 14 36 14 39 2 40 2 36 2 40 15 41 15 42 15 41 16 43 16 44 16 42 17 41 17 44 17 43 18 45 18 46 18 45 19 47 19 46 19 47 2 48 2 49 2 48 20 50 20 51 20 49 21 48 21 51 21 50 22 52 22 53 22 52 2 54 2 53 2 54 2 55 2 56 2 55 2 57 2 58 2 55 2 58 2 56 2 57 23 59 23 58 23 42 24 36 24 40 24 59 2 60 2 61 2 58 25 59 25 62 25 63 2 64 2 65 2 64 2 66 2 67 2 68 2 69 2 70 2 66 2 69 2 68 2 69 2 71 2 70 2 70 26 71 26 72 26 71 2 73 2 72 2 73 2 74 2 75 2 72 2 73 2 75 2 74 27 76 27 77 27 76 2 78 2 79 2 78 2 80 2 81 2 80 2 2 2 1 2 81 2 80 2 1 2 2 28 82 28 0 28 82 2 83 2 84 2 83 2 85 2 84 2 85 2 86 2 87 2 84 2 85 2 87 2 86 29 88 29 89 29 88 30 90 30 89 30 90 31 91 31 92 31 91 32 93 32 94 32 93 33 95 33 96 33 95 34 97 34 96 34 97 35 98 35 99 35 98 2 100 2 101 2 100 36 102 36 103 36 102 2 104 2 103 2 104 2 105 2 106 2 105 37 107 37 106 37 107 38 108 38 106 38 82 39 84 39 0 39 76 40 79 40 77 40 78 41 81 41 79 41 104 42 106 42 109 42 104 2 109 2 103 2 110 2 63 2 111 2 100 43 103 43 101 43 112 44 44 44 43 44 46 45 112 45 43 45 98 46 101 46 99 46 49 47 46 47 47 47 97 2 99 2 113 2 97 2 113 2 96 2 93 48 96 48 94 48 114 49 51 49 50 49 53 50 114 50 50 50 91 2 94 2 92 2 115 51 53 51 54 51 56 2 115 2 54 2 61 52 62 52 59 52 116 53 61 53 60 53 117 2 118 2 119 2 118 2 116 2 120 2 121 2 122 2 123 2 122 2 117 2 124 2 123 2 122 2 124 2 125 2 126 2 127 2 126 2 121 2 128 2 127 54 126 54 128 54 129 55 130 55 131 55 130 2 125 2 132 2 65 2 111 2 63 2 111 2 129 2 110 2 129 56 131 56 110 56 130 57 132 57 131 57 118 58 120 58 119 58 116 59 60 59 120 59 132 2 125 2 127 2 67 2 65 2 64 2 68 2 67 2 66 2 117 2 119 2 124 2 123 2 128 2 121 2 90 60 92 60 133 60 90 2 133 2 89 2 77 61 75 61 74 61 86 62 89 62 134 62 86 2 134 2 87 2 135 63 108 63 107 63 107 64 136 64 135 64 136 65 5 65 135 65 5 66 137 66 3 66 137 67 138 67 139 67 138 2 140 2 139 2 140 68 141 68 142 68 139 69 140 69 142 69 141 2 143 2 144 2 143 70 145 70 144 70 145 71 146 71 144 71 137 72 139 72 3 72 4 73 135 73 5 73 141 2 144 2 147 2 141 2 147 2 142 2 148 74 149 74 7 74 149 75 150 75 7 75 150 76 151 76 7 76 151 77 152 77 7 77 152 78 153 78 7 78 153 79 8 79 7 79 8 2 154 2 6 2 154 80 155 80 6 80 155 81 156 81 6 81 156 82 157 82 6 82 157 83 158 83 6 83 158 84 159 84 6 84 159 85 160 85 6 85 160 86 161 86 6 86 161 87 162 87 6 87 162 88 163 88 6 88 163 89 164 89 6 89 164 90 165 90 6 90 165 91 166 91 6 91 166 92 167 92 6 92 167 93 168 93 32 93 168 94 169 94 32 94 169 95 170 95 32 95 170 96 171 96 32 96 171 97 172 97 32 97 172 98 173 98 32 98 173 99 174 99 32 99 174 100 175 100 32 100 175 101 176 101 32 101 176 102 177 102 32 102 177 103 178 103 32 103 178 104 31 104 32 104 32 105 6 105 167 105 9 106 24 106 10 106 179 107 180 107 181 107 181 108 182 108 179 108 182 2 183 2 179 2 183 109 184 109 185 109 184 110 186 110 187 110 186 111 188 111 187 111 188 2 189 2 190 2 187 112 188 112 190 112 189 113 191 113 192 113 191 114 193 114 194 114 193 115 195 115 194 115 195 116 196 116 197 116 194 117 195 117 197 117 196 118 198 118 199 118 198 2 200 2 201 2 198 119 201 119 199 119 200 2 202 2 201 2 191 2 194 2 192 2 184 2 187 2 185 2 203 120 179 120 183 120 202 2 204 2 205 2 201 121 202 121 206 121 185 122 203 122 183 122 207 2 208 2 209 2 208 123 210 123 211 123 212 2 213 2 214 2 210 2 213 2 212 2 213 124 215 124 214 124 214 2 215 2 216 2 215 2 217 2 216 2 217 2 218 2 219 2 216 125 217 125 219 125 218 126 220 126 221 126 220 2 222 2 223 2 222 2 224 2 225 2 224 2 226 2 227 2 225 2 224 2 227 2 226 127 228 127 229 127 228 128 230 128 231 128 230 2 232 2 231 2 232 129 12 129 14 129 231 2 232 2 14 2 12 130 233 130 234 130 233 131 235 131 234 131 235 132 236 132 237 132 236 133 238 133 239 133 238 2 240 2 239 2 240 134 241 134 242 134 239 2 240 2 242 2 241 135 243 135 244 135 243 136 245 136 246 136 245 137 247 137 246 137 247 2 248 2 249 2 246 138 247 138 249 138 248 2 250 2 251 2 250 139 252 139 251 139 252 140 253 140 251 140 243 141 246 141 244 141 236 142 239 142 237 142 228 143 231 143 229 143 220 144 223 144 221 144 222 145 225 145 223 145 248 2 251 2 254 2 248 2 254 2 249 2 255 2 207 2 256 2 241 2 244 2 257 2 258 2 190 2 189 2 192 2 258 2 189 2 241 2 257 2 242 2 259 146 197 146 196 146 199 2 259 2 196 2 205 147 206 147 202 147 260 148 205 148 204 148 261 2 262 2 263 2 262 2 260 2 264 2 265 2 266 2 267 2 266 2 261 2 268 2 267 2 266 2 268 2 269 2 270 2 271 2 270 2 265 2 272 2 271 2 270 2 272 2 273 149 274 149 275 149 274 2 269 2 276 2 209 2 256 2 207 2 256 2 273 2 255 2 273 150 275 150 255 150 274 151 276 151 275 151 262 152 264 152 263 152 260 153 204 153 264 153 276 2 269 2 271 2 211 123 209 123 208 123 212 154 211 154 210 154 261 155 263 155 268 155 267 2 272 2 265 2 221 156 219 156 218 156 235 157 237 157 277 157 235 2 277 2 234 2 12 158 234 158 13 158 229 159 227 159 226 159 278 160 279 160 280 160 279 161 15 161 280 161 15 162 281 162 16 162 281 163 282 163 283 163 282 164 284 164 285 164 284 165 286 165 285 165 286 2 287 2 288 2 287 166 289 166 290 166 289 167 291 167 290 167 291 168 292 168 293 168 290 169 291 169 293 169 292 2 294 2 295 2 294 170 296 170 297 170 296 171 298 171 297 171 298 2 299 2 300 2 297 172 298 172 300 172 299 173 301 173 302 173 301 174 303 174 304 174 303 175 305 175 304 175 305 176 306 176 307 176 304 177 305 177 307 177 306 2 308 2 309 2 308 178 310 178 309 178 310 179 311 179 312 179 311 2 313 2 314 2 313 2 315 2 316 2 315 2 317 2 318 2 316 2 315 2 318 2 317 2 319 2 320 2 319 180 321 180 322 180 321 2 323 2 324 2 323 2 325 2 326 2 325 2 327 2 328 2 327 2 329 2 330 2 328 2 327 2 330 2 329 2 331 2 332 2 331 2 333 2 334 2 330 2 329 2 332 2 319 2 322 2 320 2 323 2 326 2 324 2 311 181 314 181 312 181 314 2 313 2 316 2 301 2 304 2 302 2 294 182 297 182 295 182 287 183 290 183 288 183 26 184 25 184 335 184 336 2 337 2 338 2 337 2 26 2 335 2 338 185 337 185 335 185 339 2 340 2 341 2 340 2 336 2 341 2 342 2 343 2 344 2 343 2 339 2 345 2 344 186 343 186 345 186 346 187 347 187 348 187 347 2 342 2 348 2 349 2 350 2 351 2 350 2 346 2 352 2 351 188 350 188 352 188 353 2 354 2 355 2 354 189 349 189 355 189 356 190 357 190 358 190 357 2 353 2 359 2 358 191 357 191 359 191 360 192 361 192 362 192 361 193 356 193 358 193 363 2 364 2 365 2 364 194 360 194 366 194 365 195 364 195 366 195 367 196 368 196 369 196 368 197 363 197 365 197 370 198 371 198 372 198 371 199 367 199 373 199 372 200 371 200 373 200 374 2 375 2 376 2 375 201 370 201 372 201 377 2 378 2 379 2 378 202 374 202 380 202 379 2 378 2 380 2 381 203 382 203 383 203 382 2 377 2 379 2 280 204 384 204 278 204 384 2 381 2 278 2 382 2 379 2 383 2 375 205 372 205 376 205 368 206 365 206 369 206 361 2 358 2 362 2 355 207 349 207 351 207 348 208 342 208 344 208 341 209 336 209 338 209 385 2 386 2 387 2 386 2 334 2 333 2 385 210 388 210 389 210 390 2 389 2 391 2 391 2 389 2 388 2 392 2 393 2 394 2 393 2 390 2 395 2 394 2 393 2 395 2 396 2 397 2 398 2 397 2 392 2 399 2 398 2 397 2 399 2 400 2 401 2 402 2 401 2 396 2 403 2 402 2 401 2 403 2 404 2 405 2 406 2 405 211 400 211 407 211 38 212 37 212 404 212 406 213 38 213 404 213 405 2 407 2 406 2 388 210 385 210 387 210 334 2 332 2 331 2 400 214 402 214 407 214 339 2 341 2 408 2 403 2 396 2 398 2 399 215 392 215 394 215 395 2 390 2 391 2 387 2 386 2 333 2 328 2 326 2 325 2 309 216 310 216 312 216 339 2 408 2 345 2 321 217 324 217 322 217 346 218 348 218 409 218 317 2 320 2 318 2 346 2 409 2 352 2 353 2 355 2 410 2 353 2 410 2 359 2 306 219 309 219 411 219 306 220 411 220 307 220 360 2 362 2 412 2 360 2 412 2 366 2 299 221 302 221 413 221 299 2 413 2 300 2 367 222 369 222 414 222 367 2 414 2 373 2 292 2 295 2 415 2 292 223 415 223 293 223 374 2 376 2 416 2 374 224 416 224 380 224 286 2 288 2 417 2 286 225 417 225 285 225 381 226 383 226 418 226 381 2 418 2 278 2 282 2 285 2 283 2 281 227 283 227 16 227 17 228 280 228 15 228 419 2 420 2 421 2 421 2 422 2 419 2 422 2 423 2 424 2 423 2 425 2 426 2 425 229 427 229 426 229 427 230 428 230 429 230 428 231 430 231 431 231 430 2 432 2 431 2 432 232 433 232 434 232 431 2 432 2 434 2 433 233 435 233 436 233 435 234 437 234 436 234 437 235 438 235 439 235 438 236 440 236 441 236 439 2 438 2 441 2 440 237 442 237 443 237 442 238 444 238 445 238 444 2 446 2 445 2 446 239 20 239 447 239 445 240 446 240 447 240 20 241 448 241 18 241 448 242 449 242 450 242 449 2 451 2 452 2 451 243 453 243 452 243 453 244 454 244 455 244 454 245 456 245 457 245 456 246 458 246 457 246 458 2 459 2 460 2 457 247 458 247 460 247 459 2 461 2 462 2 461 2 463 2 464 2 463 248 465 248 466 248 465 2 467 2 466 2 467 2 468 2 469 2 468 2 470 2 471 2 470 249 472 249 471 249 472 250 11 250 473 250 471 251 472 251 473 251 11 252 10 252 473 252 468 2 471 2 469 2 461 2 464 2 462 2 454 253 457 253 455 253 448 254 450 254 18 254 442 255 445 255 443 255 436 256 437 256 439 256 428 257 431 257 429 257 422 2 424 2 419 2 426 2 424 2 423 2 474 258 426 258 427 258 467 2 469 2 475 2 467 2 475 2 466 2 429 259 474 259 427 259 463 260 466 260 464 260 459 2 462 2 476 2 477 261 434 261 433 261 436 262 477 262 433 262 459 2 476 2 460 2 478 263 441 263 440 263 453 2 455 2 479 2 453 264 479 264 452 264 443 2 478 2 440 2 449 265 452 265 450 265 19 266 447 266 20 266 22 267 480 267 481 267 480 268 482 268 483 268 481 2 480 2 483 2 482 269 484 269 483 269 484 270 485 270 486 270 483 271 484 271 486 271 485 272 487 272 488 272 487 273 489 273 488 273 489 2 490 2 491 2 490 2 492 2 493 2 491 2 490 2 493 2 492 274 494 274 495 274 494 275 496 275 495 275 496 276 497 276 498 276 497 277 499 277 500 277 498 278 497 278 500 278 499 279 501 279 502 279 501 280 503 280 502 280 503 281 504 281 505 281 504 2 506 2 507 2 505 282 504 282 507 282 506 283 508 283 509 283 508 284 510 284 511 284 510 2 512 2 513 2 512 2 514 2 513 2 514 285 515 285 516 285 515 2 517 2 518 2 517 2 519 2 520 2 519 2 521 2 522 2 520 2 519 2 522 2 521 2 523 2 524 2 523 286 525 286 526 286 525 2 527 2 528 2 527 2 529 2 530 2 529 2 531 2 532 2 531 2 533 2 534 2 532 2 531 2 534 2 533 2 535 2 536 2 535 2 537 2 538 2 534 2 533 2 536 2 523 2 526 2 524 2 527 2 530 2 528 2 515 287 518 287 516 287 518 2 517 2 520 2 508 288 511 288 509 288 502 2 503 2 505 2 495 2 496 2 498 2 488 289 489 289 491 289 29 290 28 290 539 290 540 291 541 291 542 291 541 292 29 292 539 292 542 293 541 293 539 293 543 2 544 2 545 2 544 294 540 294 542 294 546 295 547 295 548 295 547 2 543 2 549 2 548 296 547 296 549 296 550 297 551 297 552 297 551 298 546 298 548 298 553 299 554 299 555 299 554 2 550 2 556 2 555 300 554 300 556 300 557 2 558 2 559 2 558 301 553 301 555 301 560 2 561 2 562 2 561 2 557 2 563 2 562 302 561 302 563 302 564 303 565 303 566 303 565 304 560 304 567 304 566 305 565 305 567 305 568 306 569 306 570 306 569 307 564 307 571 307 570 308 569 308 571 308 572 309 573 309 574 309 573 310 568 310 575 310 574 311 573 311 575 311 576 312 577 312 578 312 577 313 572 313 579 313 578 314 577 314 579 314 580 2 581 2 582 2 581 2 576 2 583 2 582 2 581 2 583 2 584 2 585 2 586 2 585 315 580 315 587 315 586 316 585 316 587 316 23 317 588 317 589 317 588 318 584 318 586 318 481 319 590 319 22 319 590 320 23 320 22 320 558 321 555 321 559 321 551 2 548 2 552 2 544 2 542 2 545 2 591 2 592 2 593 2 592 2 538 2 537 2 591 322 594 322 595 322 596 2 595 2 597 2 597 2 595 2 594 2 598 2 599 2 600 2 599 2 596 2 601 2 600 2 599 2 601 2 602 2 603 2 604 2 603 2 598 2 605 2 604 2 603 2 605 2 606 2 607 2 608 2 607 2 602 2 609 2 608 323 607 323 609 323 610 2 611 2 612 2 611 324 606 324 613 324 181 325 180 325 612 325 180 326 610 326 612 326 611 2 613 2 612 2 594 327 591 327 593 327 538 2 536 2 535 2 606 328 608 328 613 328 543 2 545 2 614 2 609 2 602 2 604 2 605 2 598 2 600 2 601 2 596 2 597 2 593 329 592 329 537 329 532 2 530 2 529 2 510 330 513 330 511 330 513 2 514 2 516 2 543 331 614 331 549 331 525 332 528 332 526 332 550 2 552 2 615 2 521 2 524 2 522 2 550 2 615 2 556 2 557 2 559 2 616 2 557 2 616 2 563 2 506 2 509 2 617 2 560 333 562 333 567 333 506 2 617 2 507 2 564 334 566 334 571 334 499 2 502 2 618 2 499 2 618 2 500 2 568 2 570 2 575 2 572 2 574 2 579 2 492 335 495 335 619 335 492 2 619 2 493 2 576 336 578 336 583 336 485 337 488 337 620 337 580 338 582 338 587 338 485 339 620 339 486 339 588 340 586 340 589 340 23 2 589 2 21 2 31 341 30 341 27 341 35 2 253 2 252 2 252 2 621 2 35 2 621 2 622 2 35 2 622 342 623 342 35 342 623 2 624 2 35 2 624 2 625 2 35 2 625 343 626 343 35 343 626 344 627 344 35 344 627 345 33 345 35 345</p>
        </triangles>
      </mesh>
    </geometry>
    <geometry id="Cube-mesh" name="Cube">
      <mesh>
        <source id="Cube-mesh-positions">
          <float_array id="Cube-mesh-positions-array" count="24">1 1 1 1 1 -1 1 -1 1 1 -1 -1 -1 1 1 -1 1 -1 -1 -1 1 -1 -1 -1</float_array>
          <technique_common>
            <accessor source="#Cube-mesh-positions-array" count="8" stride="3">
              <param name="X" type="float"/>
              <param name="Y" type="float"/>
              <param name="Z" type="float"/>
            </accessor>
          </technique_common>
        </source>
        <source id="Cube-mesh-normals">
          <float_array id="Cube-mesh-normals-array" count="18">0 0 1 0 -1 0 -1 0 0 0 0 -1 1 0 0 0 1 0</float_array>
          <technique_common>
            <accessor source="#Cube-mesh-normals-array" count="6" stride="3">
              <param name="X" type="float"/>
              <param name="Y" type="float"/>
              <param name="Z" type="float"/>
            </accessor>
          </technique_common>
        </source>
        <source id="Cube-mesh-map-0">
          <float_array id="Cube-mesh-map-0-array" count="72">0.875 0.5 0.625 0.75 0.625 0.5 0.625 0.75 0.375 1 0.375 0.75 0.625 0 0.375 0.25 0.375 0 0.375 0.5 0.125 0.75 0.125 0.5 0.625 0.5 0.375 0.75 0.375 0.5 0.625 0.25 0.375 0.5 0.375 0.25 0.875 0.5 0.875 0.75 0.625 0.75 0.625 0.75 0.625 1 0.375 1 0.625 0 0.625 0.25 0.375 0.25 0.375 0.5 0.375 0.75 0.125 0.75 0.625 0.5 0.625 0.75 0.375 0.75 0.625 0.25 0.625 0.5 0.375 0.5</float_array>
          <technique_common>
            <accessor source="#Cube-mesh-map-0-array" count="36" stride="2">
              <param name="S" type="float"/>
              <param name="T" type="float"/>
            </accessor>
          </technique_common>
        </source>
        <vertices id="Cube-mesh-vertices">
          <input semantic="POSITION" source="#Cube-mesh-positions"/>
        </vertices>
        <triangles material="Material-material" count="12">
          <input semantic="VERTEX" source="#Cube-mesh-vertices" offset="0"/>
          <input semantic="NORMAL" source="#Cube-mesh-normals" offset="1"/>
          <input semantic="TEXCOORD" source="#Cube-mesh-map-0" offset="2" set="0"/>
          <p>4 0 0 2 0 1 0 0 2 2 1 3 7 1 4 3 1 5 6 2 6 5 2 7 7 2 8 1 3 9 7 3 10 5 3 11 0 4 12 3 4 13 1 4 14 4 5 15 1 5 16 5 5 17 4 0 18 6 0 19 2 0 20 2 1 21 6 1 22 7 1 23 6 2 24 4 2 25 5 2 26 1 3 27 3 3 28 7 3 29 0 4 30 2 4 31 3 4 32 4 5 33 0 5 34 1 5 35</p>
        </triangles>
      </mesh>
    </geometry>
  </library_geometries>
  <library_visual_scenes>
    <visual_scene id="Scene" name="Scene">
      <node id="node4" name="node4" type="NODE">
        <matrix sid="transform">1 0 0 0 0 1 0 0 0 0 1 0 0 0 0 1</matrix>
        <instance_geometry url="#ID9_021_001-mesh" name="node4">
          <bind_material>
            <technique_common>
              <instance_material symbol="ID9_022-material" target="#ID9_022-material"/>
            </technique_common>
          </bind_material>
        </instance_geometry>
      </node>
      <node id="node2" name="node2" type="NODE">
        <matrix sid="transform">1 0 0 0 0 1 0 0 0 0 1 0 0 0 0 1</matrix>
        <instance_geometry url="#ID9_021_003-mesh" name="node2">
          <bind_material>
            <technique_common>
              <instance_material symbol="ID9_024-material" target="#ID9_024-material"/>
            </technique_common>
          </bind_material>
        </instance_geometry>
      </node>
      <node id="node1" name="node1" type="NODE">
        <matrix sid="transform">1 0 0 0 0 1 0 0 0 0 1 0 0 0 0 1</matrix>
        <instance_geometry url="#ID9_021_002-mesh" name="node1">
          <bind_material>
            <technique_common>
              <instance_material symbol="ID9_023-material" target="#ID9_023-material"/>
            </technique_common>
          </bind_material>
        </instance_geometry>
      </node>
      <node id="node0" name="node0" type="NODE">
        <matrix sid="transform">1 0 0 0 0 1 0 0 0 0 1 0 0 0 0 1</matrix>
        <instance_geometry url="#ID9_021_-mesh" name="node0">
          <bind_material>
            <technique_common>
              <instance_material symbol="ID9_021-material" target="#ID9_021-material"/>
            </technique_common>
          </bind_material>
        </instance_geometry>
      </node>
      <node id="Camera" name="Camera" type="NODE">
        <matrix sid="transform">0.6859207 -0.3240135 0.6515582 7.358891 0.7276763 0.3054208 -0.6141704 -6.925791 0 0.8953956 0.4452714 4.958309 0 0 0 1</matrix>
        <instance_camera url="#Camera-camera"/>
      </node>
      <node id="Light" name="Light" type="NODE">
        <matrix sid="transform">-0.2908646 -0.7711008 0.5663932 4.076245 0.9551712 -0.1998834 0.2183912 1.005454 -0.05518906 0.6045247 0.7946723 5.903862 0 0 0 1</matrix>
        <instance_light url="#Light-light"/>
      </node>
      <node id="Cube" name="Cube" type="NODE">
        <matrix sid="transform">1 0 0 0 0 1 0 0 0 0 1 0 0 0 0 1</matrix>
        <instance_geometry url="#Cube-mesh" name="Cube">
          <bind_material>
            <technique_common>
              <instance_material symbol="Material-material" target="#Material-material">
                <bind_vertex_input semantic="UVMap" input_semantic="TEXCOORD" input_set="0"/>
              </instance_material>
            </technique_common>
          </bind_material>
        </instance_geometry>
      </node>
    </visual_scene>
  </library_visual_scenes>
  <scene>
    <instance_visual_scene url="#Scene"/>
  </scene>
</COLLADA>